name,database_id,degree_weighted,degree_total,betweenness_weighted,betweenness_unweighted,clustering_unweighted,clustering_weighted,connected_component
Patrizio Pelliccione,Patrizio Pelliccione,78,132,0.22686505941993976,0.23294267084193582,0.004662004662004662,0.0006512777763775872,0
Yan Liu,Yan Liu,176,295,0.18555537695832663,0.1957759197737129,0.003181818181818182,0.00046844965653868156,0
Sam Malek,Sam Malek,32,62,0.11820011771375442,0.1467640759617635,0.0967741935483871,0.010177944923014357,0
Yuanfang Cai,Yuanfang Cai,55,98,0.15816720887502037,0.13382580509146952,0.030303030303030304,0.0036233665362258617,0
Lu Xiao 0001,Lu Xiao 0001,32,64,0.20942051602514436,0.11636209200865147,0.1431451612903226,0.018388612380893832,0
Rick Kazman,Rick Kazman,7,33,0.16041026227163485,0.10757008290621903,0.7142857142857143,0.12585854089947673,0
Yutong Zhao,Yutong Zhao,15,24,5.787031467013679e-07,0.10372007375332572,0.4666666666666667,0.04665190964286883,0
Romina Spalazzese,Romina Spalazzese,38,59,0.08652914125265529,0.10336768245544047,0.07681365576102418,0.006986192951562504,0
Nenad Medvidovic,Nenad Medvidovic,52,87,0.08165675010900313,0.09930444604221988,0.030165912518853696,0.0032173978887743288,0
Mehdi Mirakhorli,Mehdi Mirakhorli,46,70,0.11973831067768663,0.08558572732570688,0.050241545893719805,0.005540202788238193,0
Ilias Gerostathopoulos,Ilias Gerostathopoulos,61,99,0.08468163145681118,0.08161999933873974,0.013114754098360656,0.0023325320651561123,0
Davide Taibi 0001,Davide Taibi 0001,31,56,0.08492005715325215,0.0796327394060499,0.0,0.0,0
Anne Koziolek,Anne Koziolek,64,133,0.10130082842378106,0.0775248183504727,0.006944444444444444,0.000782912948963988,0
Alessandro F. Garcia 0001,Alessandro F. Garcia 0001,45,81,0.06876879955070496,0.07511622887572647,0.0030303030303030303,0.00016835016835016833,0
Andrea Janes,Andrea Janes,3,7,0.0845589463897105,0.07373506424853842,0.3333333333333333,0.029396315777188875,0
Peng Liang 0001,Peng Liang 0001,3,3,0.06268165263181198,0.07000863812885723,0.0,0.0,0
Rodrigo Pereira dos Santos,Rodrigo Pereira dos Santos,33,44,0.09078081540115558,0.0690343808927102,0.06628787878787878,0.005983948069618974,0
Javier Cámara 0001,Javier Cámara 0001,40,63,0.020731172175856447,0.0677309639337294,0.06025641025641026,0.00746604481121662,0
Paris Avgeriou,Paris Avgeriou,3,3,0.05427899868233747,0.06754775916165015,0.0,0.0,0
Stefan Kugele,Stefan Kugele,29,36,0.051241270124672625,0.06141142798285826,0.034482758620689655,0.0031472637577996568,0
Hernán Astudillo,Hernán Astudillo,23,48,0.058418925253209686,0.061209859082264395,0.03162055335968379,0.0044917395990527065,0
Muhammad Ali Babar 0001,Muhammad Ali Babar 0001,44,52,0.07130722303339586,0.059373110443473535,0.007399577167019027,0.000652560921058104,0
Tommi Mikkonen,Tommi Mikkonen,39,43,0.03109950710373152,0.05453707836388203,0.001349527665317139,9.446101738603038e-05,0
David Garlan,David Garlan,46,107,0.06519062012433577,0.05113612950504135,0.030917874396135265,0.004874191948214061,0
Alberto Avritzer,Alberto Avritzer,14,25,0.10604283774848142,0.05060312682898995,0.06593406593406594,0.004608969915790815,0
Tomás Bures,Tomás Bures,39,89,0.11264572491171468,0.05050942073616679,0.0310391363022942,0.005809609104092741,0
Schahram Dustdar,Schahram Dustdar,37,44,0.02709922160215831,0.04843688394631109,0.009009009009009009,0.0007209695494141573,0
Gastón Márquez,Gastón Márquez,12,21,0.0318570295227636,0.04784931412777302,0.09090909090909091,0.013875275127291248,0
Nabor C. Mendonça,Nabor C. Mendonça,16,22,0.025451364391926162,0.04606539941092367,0.10833333333333334,0.01249248008406586,0
Pablo Oliveira Antonino,Pablo Oliveira Antonino,42,78,0.0867812822136731,0.04574208707292164,0.032520325203252036,0.00577145511490262,0
Henry Muccini,Henry Muccini,33,78,0.030794241193846543,0.04126395385022948,0.028409090909090908,0.0030377404612093326,0
Thomas Hubregtsen,Thomas Hubregtsen,24,24,0.022312478524217944,0.035843715500389325,0.0036231884057971015,0.0002903078845224252,0
Valdemar Vicente Graciano Neto,Valdemar Vicente Graciano Neto,43,68,0.05295712495464219,0.035512805086841515,0.03875968992248062,0.004803191833579672,0
Paulo Henrique M. Maia,Paulo Henrique M. Maia,22,25,0.01929859253619722,0.03307533338474136,0.03896103896103896,0.0022895243145237484,0
Eduardo Santana de Almeida,Eduardo Santana de Almeida,34,48,0.04512148434830566,0.03188625403167202,0.0071301247771836,0.00042185789759307515,0
Jasmin Jahic,Jasmin Jahic,3,7,0.0666904450696417,0.03133787994895643,0.3333333333333333,0.0892645283027863,0
Karthik Vaidhyanathan,Karthik Vaidhyanathan,38,56,0.04896465194554945,0.030808409059466694,0.02275960170697013,0.0022417431104988944,0
Catia Trubiani,Catia Trubiani,6,9,0.04794671311050173,0.0299869514167076,0.26666666666666666,0.02589481150114424,0
Uirá Kulesza,Uirá Kulesza,18,24,0.023466181117481787,0.029900813905408823,0.0392156862745098,0.002178649237472767,0
Barbora Buhnova,Barbora Buhnova,20,38,0.016378456457942114,0.028121244076291435,0.05789473684210526,0.008020225549569963,0
Ludovico Iovino,Ludovico Iovino,8,14,0.039985493921331015,0.0278632753426023,0.35714285714285715,0.03906771830863877,0
Bihuan Chen 0001,Bihuan Chen 0001,32,53,0.013043390223502132,0.02609530575663148,0.0907258064516129,0.013466616607967098,0
Amir Molzam Sharifloo,Amir Molzam Sharifloo,3,3,0.01777226298677236,0.024465144590771596,0.0,0.0,0
Rafael Capilla,Rafael Capilla,3,3,0.012925913484721755,0.024365565184749444,0.0,0.0,0
Wilhelm Hasselbring,Wilhelm Hasselbring,19,20,0.017772552338345713,0.02336723811443279,0.03508771929824561,0.0019493177387914231,0
Yanja Dajsuren,Yanja Dajsuren,20,32,0.02571698913626209,0.022989753775731238,0.11578947368421053,0.011082698559557668,0
Luciano Baresi,Luciano Baresi,24,28,0.020828394304502285,0.022648604402559863,0.0036231884057971015,0.0003195251714911834,0
Eiji Adachi Barbosa,Eiji Adachi Barbosa,2,2,0.016678571909821447,0.021579494245442657,0.0,0.0,0
Danny Weyns,Danny Weyns,6,8,0.045922988206487055,0.021409048194654102,0.13333333333333333,0.012183068463358013,0
Justus Bogner,Justus Bogner,4,7,0.01858331544687433,0.01918185571072584,0.16666666666666666,0.021198411899135777,0
Alessio Bucaioni,Alessio Bucaioni,29,46,0.06321521693307063,0.019003302666917223,0.04926108374384237,0.006095425867199759,0
Sabrina Marczak,Sabrina Marczak,18,29,0.0388945227491696,0.01889601507592513,0.05228758169934641,0.0059034223423233565,0
Thomas Kuhn 0001,Thomas Kuhn 0001,31,69,0.014161444702929175,0.017229893133916478,0.07311827956989247,0.012565908557551925,0
Darío Correal,Darío Correal,20,38,0.037458297279686144,0.016998826231205987,0.1736842105263158,0.022372751040960117,0
Hai Jin 0001,Hai Jin 0001,2,2,0.00672221575208309,0.01567359602525985,0.0,0.0,0
Kang Chen,Kang Chen,11,11,0.006111105229166446,0.015166652068749452,0.10909090909090909,0.0060606060606060615,0
Bradley R. Schmerl,Bradley R. Schmerl,6,26,0.007894089624153361,0.014794716287976548,0.5333333333333333,0.10931864561721742,0
António Rito Silva,António Rito Silva,11,12,0.00997915706171839,0.0145520693269526,0.03636363636363636,0.002545295050292673,0
Mark G. J. van den Brand,Mark G. J. van den Brand,17,24,0.00961978240761684,0.014085437772865368,0.11029411764705882,0.011310822572273962,0
Zhifei Chen,Zhifei Chen,15,23,0.014458319417186977,0.013937486585155746,0.17142857142857143,0.01997240322454921,0
Stefen Becker,Stefen Becker,3,5,0.005657980665299276,0.013631152239714929,0.3333333333333333,0.02670832537606312,0
Adnan Shahzada,Adnan Shahzada,3,3,0.011304676619237872,0.012993576708579027,0.3333333333333333,0.018518518518518517,0
Loek Cleophas,Loek Cleophas,7,11,0.0013020820800780778,0.012059948011155213,0.47619047619047616,0.0464537732787546,0
Robert Heinrich,Robert Heinrich,5,11,0.050236062758852354,0.011854140524042158,0.3,0.034048740869564796,0
Ting Liu 0002,Ting Liu 0002,2,3,0.0,0.01175819004730481,0.0,0.0,0
Boris Pérez,Boris Pérez,17,29,8.333325312499698e-05,0.01124709565614109,0.22794117647058823,0.026885226998533632,0
Alexander Serebrenik,Alexander Serebrenik,3,3,0.008670130543879894,0.011212106365258712,0.3333333333333333,0.029396315777188875,0
Valentina Lenarduzzi,Valentina Lenarduzzi,2,11,0.02433330991249912,0.010604283480275032,0.0,0.0,0
Ilaria Pigazzini,Ilaria Pigazzini,2,2,0.0,0.010604283480275032,0.0,0.0,0
Francesca Arcelli Fontana,Francesca Arcelli Fontana,2,3,0.0,0.010604283480275032,0.0,0.0,0
Patricia Lago,Patricia Lago,5,8,0.009295129942317373,0.010534542645042999,0.1,0.006999561388304851,0
Christoph Treude,Christoph Treude,2,5,0.011705197067069888,0.010006205035402643,0.0,0.0,0
Jamal El Hachem,Jamal El Hachem,2,2,0.011989571793358942,0.009931241657150919,0.0,0.0,0
Michel Chaudron,Michel Chaudron,2,2,0.00110416560390621,0.009753253137935408,0.0,0.0,0
Kenji Tei,Kenji Tei,4,4,0.0,0.009747894524479458,0.16666666666666666,0.021198411899135777,0
Thatiane de Oliveira Rosa,Thatiane de Oliveira Rosa,9,16,0.01650345633762961,0.009718740645702774,0.2222222222222222,0.023274811242309783,0
Thomas Vogel 0001,Thomas Vogel 0001,4,6,0.0,0.009270328016116006,0.16666666666666666,0.021198411899135777,0
Martina De Sanctis,Martina De Sanctis,18,27,0.07518742763202853,0.009268979956053804,0.1503267973856209,0.015408234992374393,0
Alfredo Goldman,Alfredo Goldman,12,16,0.013552070289452635,0.008836797050129888,0.06060606060606061,0.004986838168846873,0
Fabio Kon,Fabio Kon,7,12,0.0032771959197698468,0.008411559090639054,0.047619047619047616,0.0026455026455026454,0
Pooyan Jamshidi,Pooyan Jamshidi,5,5,0.0,0.00840607870164828,0.6,0.0482987206972846,0
Eduardo Martins Guerra,Eduardo Martins Guerra,6,12,0.0009062491277343422,0.00786457576367159,0.3333333333333333,0.04064753530836591,0
Rebekka Wohlrab,Rebekka Wohlrab,4,9,0.020899864143119905,0.0077468466867181025,0.3333333333333333,0.05699597639632784,0
Antonio Brogi,Antonio Brogi,2,4,0.012726839602256484,0.007586051909474139,0.0,0.0,0
Jacopo Soldani,Jacopo Soldani,2,4,0.012726839602256484,0.007586051909474139,0.0,0.0,0
Amleto Di Salle,Amleto Di Salle,4,8,0.0,0.007363541265912738,0.6666666666666666,0.07648690295718565,0
Keila Lima,Keila Lima,2,2,0.0,0.0073571279510401865,0.0,0.0,0
Rogardt Heldal,Rogardt Heldal,2,8,0.017041650264061882,0.0073571279510401865,0.0,0.0,0
Tosin Daniel Oyetoyan,Tosin Daniel Oyetoyan,2,2,0.0,0.0073571279510401865,0.0,0.0,0
Mohamad Kassab,Mohamad Kassab,27,45,0.006907400759027529,0.007078632429511211,0.09401709401709402,0.01128735075166408,0
Johannes Grohmann,Johannes Grohmann,14,18,0.014711791395442176,0.00699802508404052,0.054945054945054944,0.005014948903245354,0
Paulo Merson,Paulo Merson,4,4,0.0027905065733939967,0.006884910706025437,0.5,0.027777777777777776,0
Elisa Yumi Nakagawa,Elisa Yumi Nakagawa,5,14,0.05724485230918197,0.006757334248474971,0.5,0.09513266664731032,0
Carlos Carrillo 0001,Carlos Carrillo 0001,2,2,0.0014444430541666145,0.006577262690145316,0.0,0.0,0
Joseph W. Yoder,Joseph W. Yoder,3,3,0.0023564792133679707,0.00636142193113145,0.3333333333333333,0.018518518518518517,0
Kaifeng Huang 0001,Kaifeng Huang 0001,12,15,5.208328320312311e-06,0.005811309954626018,0.2727272727272727,0.02917626419979322,0
Vlad Stirbu,Vlad Stirbu,4,5,0.001222221045833289,0.0057465222467445835,0.16666666666666666,0.011665935647174752,0
Damian A. Tamburri,Damian A. Tamburri,3,4,0.00414177842094169,0.005465255182064664,0.3333333333333333,0.029396315777188875,0
Ivano Malavolta,Ivano Malavolta,3,5,0.0,0.004813479416667318,0.0,0.0,0
Gustavo Pinto 0001,Gustavo Pinto 0001,2,3,0.002260993194162245,0.004155371505641398,0.0,0.0,0
Carlo Ghezzi,Carlo Ghezzi,2,3,0.0,0.00401962046938032,0.0,0.0,0
Christos Tsigkanos,Christos Tsigkanos,2,5,0.00952256027897101,0.00401962046938032,0.0,0.0,0
Mojtaba Shahin,Mojtaba Shahin,2,2,0.0033541634382811287,0.0038977904280441547,0.0,0.0,0
Helena Rodrigues 0001,Helena Rodrigues 0001,3,4,0.0017754612540797968,0.003878530618361564,0.6666666666666666,0.04666374258869901,0
Bashar Nuseibeh,Bashar Nuseibeh,2,2,0.00034027745026040437,0.0037582284277978433,0.0,0.0,0
Sebastian Hahner,Sebastian Hahner,2,5,0.0,0.003633037851090327,0.0,0.0,0
Stephan Seifermann,Stephan Seifermann,2,4,0.0,0.003633037851090327,0.0,0.0,0
Maximilian Walter,Maximilian Walter,2,4,0.0,0.003633037851090327,0.0,0.0,0
Caio Steglich,Caio Steglich,8,15,0.0007854159107030965,0.0034912867974528604,0.2857142857142857,0.032257986370552626,0
Manar Mazkatli,Manar Mazkatli,14,19,0.0024537013420138,0.003126610172977049,0.13186813186813187,0.014482446394285725,0
Evangelos Pournaras,Evangelos Pournaras,2,2,0.0,0.003115603110975742,0.0,0.0,0
Yixue Zhao,Yixue Zhao,2,5,0.006820942508910342,0.00304274207180757,0.0,0.0,0
Christian Zirkelbach 0002,Christian Zirkelbach 0002,6,6,0.0023124977742186663,0.0027978639277298797,0.4,0.022222222222222223,0
Fahed Alkhabbas,Fahed Alkhabbas,13,26,0.0013113413304253,0.0027823899437927515,0.32051282051282054,0.03599913214585408,0
Carlos M. Aderaldo,Carlos M. Aderaldo,6,9,0.0,0.002498214799013937,0.6666666666666666,0.07129068472097928,0
Davide Di Ruscio,Davide Di Ruscio,2,3,0.0,0.002450848680091736,0.0,0.0,0
Paola Inverardi,Paola Inverardi,2,2,0.0,0.002450848680091736,0.0,0.0,0
Joanna C. S. Santos,Joanna C. S. Santos,14,20,0.0018333315687499338,0.001877313007899238,0.14285714285714285,0.01451664891096537,0
Alessandro Vittorio Papadopoulos,Alessandro Vittorio Papadopoulos,3,4,0.0,0.0018056491543057842,0.3333333333333333,0.05341665075212624,0
Maurizio Leotta,Maurizio Leotta,7,10,0.001739581658984312,0.0017291650023436877,0.2857142857142857,0.018288177732202086,0
Paul Davidsson,Paul Davidsson,10,22,1.5046281814235566e-05,0.001708935564736125,0.4222222222222222,0.05078186895664226,0
Eunsuk Kang,Eunsuk Kang,2,7,0.015281235291796322,0.0015047629772211835,0.0,0.0,0
Gabriel A. Moreno,Gabriel A. Moreno,3,10,0.0006215271795572692,0.0012329962323740003,0.3333333333333333,0.1111111111111111,0
Adriana Sejfia,Adriana Sejfia,9,10,0.0006111105229166446,0.0011446789577692106,0.2777777777777778,0.02067352521847049,0
Angelika Kaplan,Angelika Kaplan,3,5,0.0,0.0007343742931640359,0.6666666666666666,0.06910514917433468,0
Konstantinos Angelopoulos,Konstantinos Angelopoulos,2,2,0.0,0.0006422797692053785,0.0,0.0,0
Heiko Koziolek,Heiko Koziolek,3,4,0.0,0.0006023982848295191,0.6666666666666666,0.04666374258869901,0
Saad Mubeen,Saad Mubeen,6,11,0.002212382129839321,0.0005934969981301054,0.5333333333333333,0.05680640357054236,0
John Lundbäck,John Lundbäck,6,11,0.002212382129839321,0.0005934969981301054,0.5333333333333333,0.05680640357054236,0
Radu Calinescu,Radu Calinescu,2,2,0.0,0.0004988607935464339,0.0,0.0,0
Sanjay Podder,Sanjay Podder,29,71,0.00038888851458331925,0.00047222176770831623,0.017241379310344827,0.0013080906266241434,1
Mark Klein 0003,Mark Klein 0003,3,5,0.0,0.00044195173014907266,0.3333333333333333,0.061146800905456045,0
Wallace Manzano,Wallace Manzano,3,7,0.0,0.00031242355406785696,0.6666666666666666,0.10781054349415505,0
Grace A. Lewis,Grace A. Lewis,4,5,0.0,0.0003014508532314904,0.6666666666666666,0.05378954245274453,0
Xiao Wang 0030,Xiao Wang 0030,14,28,0.00016840261569009808,0.00022881922420572092,0.34065934065934067,0.04401837213702361,0
Ahmet Okutan,Ahmet Okutan,7,8,0.0,0.0001876527625057286,0.7619047619047619,0.059353640634908854,0
Stanislav Chren,Stanislav Chren,7,12,0.0,0.00014262139050455215,0.42857142857142855,0.05368995203592851,0
David Monschein,David Monschein,4,6,0.0,0.00013522315350836825,0.8333333333333334,0.0843425920708602,0
Juliana Fernandes 0001,Juliana Fernandes 0001,9,10,0.0,0.0001256943234635371,0.5,0.03704606937493686,0
Manuel Wimmer,Manuel Wimmer,2,2,0.0,9.504376537722169e-05,0.0,0.0,0
Paolo Tonella,Paolo Tonella,2,3,0.00016840261569009808,8.443278910372958e-05,0.0,0.0,0
Andrea Stocco 0001,Andrea Stocco 0001,2,3,0.00016840261569009808,8.443278910372958e-05,0.0,0.0,0
Camilo Castellanos,Camilo Castellanos,17,33,0.00010416656640624624,5.092587690972037e-05,0.22794117647058823,0.028764962160214656,0
Christoph Segler,Christoph Segler,7,12,1.3888875520832831e-05,4.3402736002602596e-05,0.2857142857142857,0.030492981680805425,0
Christophe Dony,Christophe Dony,11,14,1.2152766080728727e-05,4.166662656249849e-05,0.3090909090909091,0.02265552788589069,2
Manoj Bhat,Manoj Bhat,11,38,1.1458322304687086e-05,2.204858988932212e-05,0.4909090909090909,0.08916738097404227,4
Florian Matthes,Florian Matthes,11,40,1.3773134891492556e-05,2.204858988932212e-05,0.4909090909090909,0.09225828194698041,4
Emanuel F. Coutinho,Emanuel F. Coutinho,8,10,7.638881536458057e-05,2.0833313281249245e-05,0.4642857142857143,0.02909575851249888,3
Marco Túlio Valente,Marco Túlio Valente,6,7,1.736109440104104e-05,1.736109440104104e-05,0.0,0.0,6
Stefanie Jasser,Stefanie Jasser,5,6,1.3888875520832831e-05,1.3888875520832831e-05,0.0,0.0,10
Rosana T. Vaccare Braga,Rosana T. Vaccare Braga,5,10,6.9444377604164155e-06,1.0416656640624622e-05,0.5,0.04803723498066341,9
Iohan Gonçalves Vargas,Iohan Gonçalves Vargas,5,9,3.4722188802082078e-06,1.0416656640624622e-05,0.5,0.04803723498066341,9
Abdelhak-Djamel Seriai,Abdelhak-Djamel Seriai,10,14,0.0,3.4722188802082078e-06,0.4222222222222222,0.03257226896376889,2
Pascal Zaragoza,Pascal Zaragoza,8,9,0.0,3.4722188802082078e-06,0.5357142857142857,0.035836921439243975,2
Andreas Biesdorf,Andreas Biesdorf,9,35,6.8286971310761426e-06,2.951386048176977e-06,0.6944444444444444,0.12949511005387232,4
Klym Shumaiev,Klym Shumaiev,9,35,4.51388454427067e-06,2.951386048176977e-06,0.6944444444444444,0.12825546565449886,4
Uwe Hohenstein,Uwe Hohenstein,8,31,5.092587690972038e-06,2.083331328124925e-06,0.7857142857142857,0.14821532152293312,4
Carlos S. S. Marinho,Carlos S. S. Marinho,6,8,1.1574062934027362e-05,1.1574062934027358e-06,0.8,0.05584951258947772,3
Javam C. Machado,Javam C. Machado,6,8,1.1574062934027362e-05,1.1574062934027358e-06,0.8,0.05584951258947773,3
Leonardo O. Moreira 0001,Leonardo O. Moreira 0001,6,8,1.1574062934027362e-05,1.1574062934027358e-06,0.8,0.05584951258947773,3
Alexander Pretschner,Alexander Pretschner,1,1,0.0,0.0,0.0,0.0,0
Jan Peter,Jan Peter,1,1,0.0,0.0,0.0,0.0,0
Purav Shah,Purav Shah,1,1,0.0,0.0,0.0,0.0,0
Roland Croft,Roland Croft,1,1,0.0,0.0,0.0,0.0,0
Lina Maria Garcés Rodriguez,Lina Maria Garcés Rodriguez,1,1,0.0,0.0,0.0,0.0,0
Ana Carla Bibiano,Ana Carla Bibiano,1,5,0.0,0.0,0.0,0.0,0
Roberto Tonelli,Roberto Tonelli,1,1,0.0,0.0,0.0,0.0,0
Shiheng Xu,Shiheng Xu,1,1,0.0,0.0,0.0,0.0,0
Suhrid Karthik,Suhrid Karthik,1,2,0.0,0.0,0.0,0.0,0
Mauricio Alférez,Mauricio Alférez,1,1,0.0,0.0,0.0,0.0,0
Elder Cirilo,Elder Cirilo,1,1,0.0,0.0,0.0,0.0,0
A. T. M. Aerts,A. T. M. Aerts,1,1,0.0,0.0,0.0,0.0,0
Mauro Caporuscio,Mauro Caporuscio,2,2,0.0,0.0,1.0,0.10627395459846606,0
Jonas Beskow,Jonas Beskow,1,1,0.0,0.0,0.0,0.0,0
Susanne Muller,Susanne Muller,1,1,0.0,0.0,0.0,0.0,0
Anthony Cleve,Anthony Cleve,1,1,0.0,0.0,0.0,0.0,5
Hamideh Hajiabadi 0001,Hamideh Hajiabadi 0001,1,1,0.0,0.0,0.0,0.0,0
Adriano H. O. Maia,Adriano H. O. Maia,1,1,0.0,0.0,0.0,0.0,0
Ali Shokri 0003,Ali Shokri 0003,2,2,0.0,0.0,1.0,0.10095114404622998,0
Lars Lindemann,Lars Lindemann,1,1,0.0,0.0,0.0,0.0,0
Anny Fernandes,Anny Fernandes,1,1,0.0,0.0,0.0,0.0,0
Willibald Krenn,Willibald Krenn,1,1,0.0,0.0,0.0,0.0,0
Ian Warren,Ian Warren,3,7,0.0,0.0,1.0,0.11456345165758229,11
Wenyun Zhao,Wenyun Zhao,1,1,0.0,0.0,0.0,0.0,0
Dominik Fuchß,Dominik Fuchß,1,9,0.0,0.0,0.0,0.0,0
Vasudeva Varma,Vasudeva Varma,1,2,0.0,0.0,0.0,0.0,0
Ari Salonen,Ari Salonen,1,1,0.0,0.0,0.0,0.0,0
Lucas F. Mendes,Lucas F. Mendes,1,1,0.0,0.0,0.0,0.0,3
Zahra Moezkarimi,Zahra Moezkarimi,1,1,0.0,0.0,0.0,0.0,0
Shengchao Qin,Shengchao Qin,1,2,0.0,0.0,0.0,0.0,0
Leo Francis,Leo Francis,1,1,0.0,0.0,0.0,0.0,0
Cleidson R. B. de Souza,Cleidson R. B. de Souza,2,6,0.0,0.0,1.0,0.16024995225637872,0
Luiz Carvalho,Luiz Carvalho,1,1,0.0,0.0,0.0,0.0,0
Peter Liggesmeyer,Peter Liggesmeyer,2,2,0.0,0.0,1.0,0.13389679245417946,0
Mohammed N. Alharbi,Mohammed N. Alharbi,1,2,0.0,0.0,0.0,0.0,0
Matthias Lohr,Matthias Lohr,1,2,0.0,0.0,0.0,0.0,0
Tiziano Santilli,Tiziano Santilli,1,3,0.0,0.0,0.0,0.0,0
Christian Prehofer,Christian Prehofer,2,10,0.0,0.0,1.0,0.3819635741872614,0
Leyi Cui,Leyi Cui,1,1,0.0,0.0,0.0,0.0,0
Michele Loreti,Michele Loreti,1,2,0.0,0.0,0.0,0.0,0
Kai Huang,Kai Huang,1,1,0.0,0.0,0.0,0.0,0
Timo Lehtonen,Timo Lehtonen,1,2,0.0,0.0,0.0,0.0,0
Mahyar Tourchi Moghaddam,Mahyar Tourchi Moghaddam,3,7,0.0,0.0,1.0,0.11076004179380161,0
Nianyu Li,Nianyu Li,1,1,0.0,0.0,0.0,0.0,0
Hausi A. Müller,Hausi A. Müller,1,1,0.0,0.0,0.0,0.0,0
Aydin Abadi,Aydin Abadi,1,1,0.0,0.0,0.0,0.0,0
Tomás Cerný,Tomás Cerný,1,3,0.0,0.0,0.0,0.0,0
Gleison Brito,Gleison Brito,1,1,0.0,0.0,0.0,0.0,6
Shide Zhou,Shide Zhou,1,1,0.0,0.0,0.0,0.0,0
Zhenyu Chen 0001,Zhenyu Chen 0001,1,2,0.0,0.0,0.0,0.0,0
Manman Chen,Manman Chen,1,1,0.0,0.0,0.0,0.0,0
Kai Chen 0012,Kai Chen 0012,1,1,0.0,0.0,0.0,0.0,0
Antonio Filieri,Antonio Filieri,1,1,0.0,0.0,0.0,0.0,0
Everton T. Guimarães,Everton T. Guimarães,1,1,0.0,0.0,0.0,0.0,0
Ibrahim Abueisa,Ibrahim Abueisa,1,1,0.0,0.0,0.0,0.0,0
Simon Eismann,Simon Eismann,1,2,0.0,0.0,0.0,0.0,0
Deepak Krishna,Deepak Krishna,1,1,0.0,0.0,0.0,0.0,0
Meiyappan Nagappan,Meiyappan Nagappan,1,2,0.0,0.0,0.0,0.0,0
Christian Wulf,Christian Wulf,1,1,0.0,0.0,0.0,0.0,0
Kui Ren 0001,Kui Ren 0001,1,1,0.0,0.0,0.0,0.0,0
Zhipeng Liu,Zhipeng Liu,1,1,0.0,0.0,0.0,0.0,0
Vânia Neves,Vânia Neves,1,1,0.0,0.0,0.0,0.0,0
Samer Al Moubayed,Samer Al Moubayed,1,1,0.0,0.0,0.0,0.0,0
Filipe Silva-Santos,Filipe Silva-Santos,1,1,0.0,0.0,0.0,0.0,0
Kriti Gupta,Kriti Gupta,1,1,0.0,0.0,0.0,0.0,0
Dhyego Tavares,Dhyego Tavares,1,1,0.0,0.0,0.0,0.0,0
Dirk Schulz 0002,Dirk Schulz 0002,2,2,0.0,0.0,1.0,0.13389679245417946,0
Dominik Skoda,Dominik Skoda,2,4,0.0,0.0,1.0,0.20736173093429155,0
Dimitar Dimitrov 0005,Dimitar Dimitrov 0005,4,8,0.0,0.0,1.0,0.13363593828603135,0
Frantisek Plásil,Frantisek Plásil,2,8,0.0,0.0,1.0,0.32216055542494426,0
Harold W. Lawson,Harold W. Lawson,2,2,0.0,0.0,1.0,0.08012497612818936,0
Gabriel Abdalla,Gabriel Abdalla,1,1,0.0,0.0,0.0,0.0,0
Fabio Guaiani,Fabio Guaiani,1,1,0.0,0.0,0.0,0.0,0
Steven Grainger,Steven Grainger,1,1,0.0,0.0,0.0,0.0,0
Bing Mao 0001,Bing Mao 0001,1,2,0.0,0.0,0.0,0.0,0
Michael Felderer,Michael Felderer,1,1,0.0,0.0,0.0,0.0,7
Meghana Tedla,Meghana Tedla,1,2,0.0,0.0,0.0,0.0,0
Mahmoud Hammad,Mahmoud Hammad,1,4,0.0,0.0,0.0,0.0,0
Mohd Hafeez Osman,Mohd Hafeez Osman,2,2,0.0,0.0,1.0,0.08012497612818936,0
Massimo Sciancalepore,Massimo Sciancalepore,1,1,0.0,0.0,0.0,0.0,0
Derek Garcia,Derek Garcia,1,1,0.0,0.0,0.0,0.0,0
Zhengzi Xu,Zhengzi Xu,2,7,0.0,0.0,1.0,0.20998684164914555,0
Souti Chattopadhyay,Souti Chattopadhyay,1,1,0.0,0.0,0.0,0.0,0
Marc Rose,Marc Rose,1,1,0.0,0.0,0.0,0.0,19
Chaowei Liu,Chaowei Liu,1,1,0.0,0.0,0.0,0.0,0
Mansooreh Zahedi,Mansooreh Zahedi,1,1,0.0,0.0,0.0,0.0,0
Michael Singh,Michael Singh,1,1,0.0,0.0,0.0,0.0,0
VJS Pranavasri,VJS Pranavasri,1,1,0.0,0.0,0.0,0.0,0
Klaus Pohl,Klaus Pohl,1,1,0.0,0.0,0.0,0.0,0
Yara Shana'a,Yara Shana'a,1,1,0.0,0.0,0.0,0.0,0
Satya Sai Srinivas Abbabathula,Satya Sai Srinivas Abbabathula,5,7,0.0,0.0,0.7,0.053108479440940215,1
Guilherme Vale,Guilherme Vale,2,4,0.0,0.0,1.0,0.12719047139481465,0
Mirko Viroli,Mirko Viroli,1,1,0.0,0.0,0.0,0.0,0
Marco De Luca,Marco De Luca,1,2,0.0,0.0,0.0,0.0,0
Alexander Bartel,Alexander Bartel,1,1,0.0,0.0,0.0,0.0,0
Vikas Kumar Jha,Vikas Kumar Jha,1,1,0.0,0.0,0.0,0.0,0
Eric Bernd Gil,Eric Bernd Gil,1,1,0.0,0.0,0.0,0.0,0
Maura Cerioli,Maura Cerioli,4,4,0.0,0.0,1.0,0.0640086220627073,0
Bruno Sena,Bruno Sena,1,1,0.0,0.0,0.0,0.0,0
Rami Eleiwi,Rami Eleiwi,1,1,0.0,0.0,0.0,0.0,0
Deborah Richards 0001,Deborah Richards 0001,1,1,0.0,0.0,0.0,0.0,0
Tony Larsson,Tony Larsson,1,1,0.0,0.0,0.0,0.0,0
Evangelia Kalyvianaki,Evangelia Kalyvianaki,1,1,0.0,0.0,0.0,0.0,0
Ricardo Diniz Caldas,Ricardo Diniz Caldas,1,3,0.0,0.0,0.0,0.0,0
Juan Manuel Murillo,Juan Manuel Murillo,1,1,0.0,0.0,0.0,0.0,0
Frederico Araújo Durão,Frederico Araújo Durão,1,1,0.0,0.0,0.0,0.0,0
Christopher Enoch,Christopher Enoch,1,1,0.0,0.0,0.0,0.0,0
Koushik MV,Koushik MV,1,1,0.0,0.0,0.0,0.0,1
Vibhu Saujanya Sharma,Vibhu Saujanya Sharma,1,9,0.0,0.0,0.0,0.0,1
Gustavo López 0001,Gustavo López 0001,3,3,0.0,0.0,1.0,0.09648718854476453,0
M. M. Mahbubul Syeed,M. M. Mahbubul Syeed,1,1,0.0,0.0,0.0,0.0,0
André C. Hora,André C. Hora,1,2,0.0,0.0,0.0,0.0,6
Mahan Tafreshipour,Mahan Tafreshipour,1,1,0.0,0.0,0.0,0.0,0
Göran Jonsson,Göran Jonsson,1,1,0.0,0.0,0.0,0.0,0
Christoph Fehling,Christoph Fehling,2,2,0.0,0.0,1.0,0.05555555555555555,0
Nicolas Boltz,Nicolas Boltz,1,2,0.0,0.0,0.0,0.0,0
Sathvika Miryala,Sathvika Miryala,3,3,0.0,0.0,1.0,0.0712467055900569,0
Nini Cui,Nini Cui,2,2,0.0,0.0,1.0,0.08818894733156663,0
Marcio N. P. Silva,Marcio N. P. Silva,2,2,0.0,0.0,1.0,0.05555555555555555,14
Avenir Kobetski,Avenir Kobetski,1,1,0.0,0.0,0.0,0.0,0
Fangchao Tian,Fangchao Tian,1,1,0.0,0.0,0.0,0.0,0
Matthew Morrison,Matthew Morrison,1,1,0.0,0.0,0.0,0.0,0
Pingchuan Ma 0004,Pingchuan Ma 0004,1,1,0.0,0.0,0.0,0.0,0
Maria Julia de Lima,Maria Julia de Lima,1,1,0.0,0.0,0.0,0.0,0
Matthias Naab,Matthias Naab,1,2,0.0,0.0,0.0,0.0,8
Anne Woepse,Anne Woepse,2,2,0.0,0.0,1.0,0.10095114404622998,0
Divya Rawat,Divya Rawat,1,1,0.0,0.0,0.0,0.0,1
Mayki dos Santos Oliveira,Mayki dos Santos Oliveira,1,1,0.0,0.0,0.0,0.0,0
Samira Silva,Samira Silva,1,1,0.0,0.0,0.0,0.0,0
Shihong Huang,Shihong Huang,2,4,0.0,0.0,1.0,0.18344040271636813,0
José Davi Pereira,José Davi Pereira,1,1,0.0,0.0,0.0,0.0,0
Anfel Selmadji,Anfel Selmadji,5,5,0.0,0.0,1.0,0.06133157888655273,2
Hamid Bagheri,Hamid Bagheri,3,7,0.0,0.0,1.0,0.10572926626777884,0
Larissa Schmid,Larissa Schmid,1,1,0.0,0.0,0.0,0.0,0
Jander Pereira,Jander Pereira,1,1,0.0,0.0,0.0,0.0,0
Lucie Jurystova,Lucie Jurystova,1,1,0.0,0.0,0.0,0.0,0
Syed Fatiul Huq,Syed Fatiul Huq,1,2,0.0,0.0,0.0,0.0,0
Likhith Kanigolla,Likhith Kanigolla,1,1,0.0,0.0,0.0,0.0,0
Rongxin Wu,Rongxin Wu,1,1,0.0,0.0,0.0,0.0,0
Eduardo Fernandes,Eduardo Fernandes,1,3,0.0,0.0,0.0,0.0,0
Alexandre da Costa Sena,Alexandre da Costa Sena,2,2,0.0,0.0,1.0,0.05555555555555555,14
Nils-André Forjahn,Nils-André Forjahn,1,1,0.0,0.0,0.0,0.0,0
He Zhang 0001,He Zhang 0001,1,2,0.0,0.0,0.0,0.0,0
Roberto Felicio Oliveira 0003,Roberto Felicio Oliveira 0003,1,4,0.0,0.0,0.0,0.0,0
Yves Schneider,Yves Schneider,1,2,0.0,0.0,0.0,0.0,0
Daniel Sadoc Menasché,Daniel Sadoc Menasché,2,2,0.0,0.0,1.0,0.05555555555555555,0
Dario Amoroso d'Aragona,Dario Amoroso d'Aragona,1,2,0.0,0.0,0.0,0.0,0
Adriana Lopes,Adriana Lopes,1,1,0.0,0.0,0.0,0.0,0
Antony Tang,Antony Tang,1,1,0.0,0.0,0.0,0.0,0
Baraq Ghaleb,Baraq Ghaleb,2,2,0.0,0.0,1.0,0.05555555555555555,15
Frank José Affonso,Frank José Affonso,1,1,0.0,0.0,0.0,0.0,0
Daniel Feitosa,Daniel Feitosa,1,1,0.0,0.0,0.0,0.0,0
Abderrahmane Seriai,Abderrahmane Seriai,2,2,0.0,0.0,1.0,0.06999561388304851,2
Terhi Kilamo,Terhi Kilamo,1,1,0.0,0.0,0.0,0.0,0
Vincent Tufo,Vincent Tufo,1,1,0.0,0.0,0.0,0.0,0
Sangeeth Kochanthara,Sangeeth Kochanthara,5,9,0.0,0.0,1.0,0.09755292388538465,0
Jana Tumova,Jana Tumova,1,2,0.0,0.0,0.0,0.0,0
Filipe Santos,Filipe Santos,1,1,0.0,0.0,0.0,0.0,0
João Franscisco Almeida,João Franscisco Almeida,1,1,0.0,0.0,0.0,0.0,0
Jan Keim,Jan Keim,2,14,0.0,0.0,1.0,0.1306297048733754,0
Pamella Soares de Sousa,Pamella Soares de Sousa,4,4,0.0,0.0,1.0,0.05555555555555556,0
Zbynek Jirácek,Zbynek Jirácek,2,3,0.0,0.0,1.0,0.16458311491152056,0
Zhushou Tang,Zhushou Tang,1,1,0.0,0.0,0.0,0.0,0
Chaozheng Wang,Chaozheng Wang,1,1,0.0,0.0,0.0,0.0,0
Peter Sanders 0001,Peter Sanders 0001,1,1,0.0,0.0,0.0,0.0,0
Caio Barbosa,Caio Barbosa,1,2,0.0,0.0,0.0,0.0,0
Lingyun Situ,Lingyun Situ,1,1,0.0,0.0,0.0,0.0,0
Marco Ortu,Marco Ortu,1,1,0.0,0.0,0.0,0.0,0
Gabriela Félix Solano,Gabriela Félix Solano,1,1,0.0,0.0,0.0,0.0,0
Yi Li 0008,Yi Li 0008,1,2,0.0,0.0,0.0,0.0,0
Frederik Reiche,Frederik Reiche,1,1,0.0,0.0,0.0,0.0,0
Santiago Matalonga,Santiago Matalonga,1,1,0.0,0.0,0.0,0.0,0
Cristiane Lana,Cristiane Lana,1,1,0.0,0.0,0.0,0.0,0
Heinz Schmidt,Heinz Schmidt,1,1,0.0,0.0,0.0,0.0,0
Tagline Treichel,Tagline Treichel,1,1,0.0,0.0,0.0,0.0,0
José Aldo Silva da Costa,José Aldo Silva da Costa,1,1,0.0,0.0,0.0,0.0,0
Hanxiang Xu,Hanxiang Xu,1,1,0.0,0.0,0.0,0.0,0
Mahinthan Chandramohan,Mahinthan Chandramohan,2,2,0.0,0.0,1.0,0.11556021239177244,0
Umberto Azadi,Umberto Azadi,1,1,0.0,0.0,0.0,0.0,0
Jae Young Bang,Jae Young Bang,1,2,0.0,0.0,0.0,0.0,0
Katsiaryna Labunets,Katsiaryna Labunets,1,1,0.0,0.0,0.0,0.0,0
Diego Corrêa da Silva,Diego Corrêa da Silva,1,1,0.0,0.0,0.0,0.0,0
Siyue Feng,Siyue Feng,1,1,0.0,0.0,0.0,0.0,0
Mikko Raatikainen,Mikko Raatikainen,1,1,0.0,0.0,0.0,0.0,0
Hyojae Park,Hyojae Park,1,1,0.0,0.0,0.0,0.0,0
Tobias Holstein,Tobias Holstein,1,1,0.0,0.0,0.0,0.0,0
Zhenchang Xing,Zhenchang Xing,1,1,0.0,0.0,0.0,0.0,0
Farshid Anvari,Farshid Anvari,1,1,0.0,0.0,0.0,0.0,0
Zhiwu Xu 0001,Zhiwu Xu 0001,1,1,0.0,0.0,0.0,0.0,0
Kunal Suri,Kunal Suri,1,1,0.0,0.0,0.0,0.0,0
Christina von Flach G. Chavez,Christina von Flach G. Chavez,1,5,0.0,0.0,0.0,0.0,0
Nataraj Kuntagod,Nataraj Kuntagod,5,7,0.0,0.0,0.7,0.053108479440940215,1
Robert Ramac,Robert Ramac,3,3,0.0,0.0,1.0,0.09648718854476453,0
Vladimir Mandic,Vladimir Mandic,3,3,0.0,0.0,1.0,0.09648718854476453,0
Kevin Laporte,Kevin Laporte,1,1,0.0,0.0,0.0,0.0,0
Claudia Raibulet,Claudia Raibulet,1,5,0.0,0.0,0.0,0.0,0
Youn Kyu Lee,Youn Kyu Lee,1,4,0.0,0.0,0.0,0.0,0
Xiaoning Du 0001,Xiaoning Du 0001,2,4,0.0,0.0,1.0,0.16666666666666666,0
Luciana Vilanova Chueri,Luciana Vilanova Chueri,2,2,0.0,0.0,1.0,0.05555555555555555,0
Matthew Edwards 0001,Matthew Edwards 0001,1,1,0.0,0.0,0.0,0.0,0
Max Schäfer,Max Schäfer,1,1,0.0,0.0,0.0,0.0,0
Tobias Telge,Tobias Telge,1,1,0.0,0.0,0.0,0.0,0
Qin Jia,Qin Jia,1,1,0.0,0.0,0.0,0.0,0
Henning Schnoor,Henning Schnoor,1,1,0.0,0.0,0.0,0.0,0
Carl Bergenhem,Carl Bergenhem,1,1,0.0,0.0,0.0,0.0,0
Stefani Schalk,Stefani Schalk,1,1,0.0,0.0,0.0,0.0,0
Yijun Yu 0001,Yijun Yu 0001,1,1,0.0,0.0,0.0,0.0,0
Muhammad Aufeef Chauhan,Muhammad Aufeef Chauhan,1,1,0.0,0.0,0.0,0.0,0
Chong Wang 0013,Chong Wang 0013,2,5,0.0,0.0,1.0,0.1111111111111111,0
Eoan O'Dea,Eoan O'Dea,1,1,0.0,0.0,0.0,0.0,0
Jean-Philippe Stoldt,Jean-Philippe Stoldt,1,1,0.0,0.0,0.0,0.0,5
Md Rakibul Alam,Md Rakibul Alam,2,2,0.0,0.0,1.0,0.1306297048733754,0
Cen Zhang,Cen Zhang,2,2,0.0,0.0,1.0,0.11556021239177244,0
Jailton Coelho,Jailton Coelho,1,1,0.0,0.0,0.0,0.0,6
Wenyan Song,Wenyan Song,2,2,0.0,0.0,1.0,0.06999561388304851,0
Tobias Aderum,Tobias Aderum,1,1,0.0,0.0,0.0,0.0,0
Jana Michalkova,Jana Michalkova,1,1,0.0,0.0,0.0,0.0,0
Luíis Anunciado Silva,Luíis Anunciado Silva,4,4,0.0,0.0,1.0,0.05555555555555556,0
Yue Cao,Yue Cao,1,1,0.0,0.0,0.0,0.0,0
David Danks,David Danks,1,1,0.0,0.0,0.0,0.0,0
Patrícia Pitthan Barcelos,Patrícia Pitthan Barcelos,2,2,0.0,0.0,1.0,0.05555555555555555,16
Anthony Finkelstein,Anthony Finkelstein,1,1,0.0,0.0,0.0,0.0,0
Melek Önen,Melek Önen,1,1,0.0,0.0,0.0,0.0,0
Marin Litoiu,Marin Litoiu,1,1,0.0,0.0,0.0,0.0,0
Cristian Klein,Cristian Klein,1,1,0.0,0.0,0.0,0.0,0
Tizian Bitschi,Tizian Bitschi,1,1,0.0,0.0,0.0,0.0,0
Xingyu Wang,Xingyu Wang,1,1,0.0,0.0,0.0,0.0,0
V. Smrithi Rekha,V. Smrithi Rekha,1,1,0.0,0.0,0.0,0.0,0
Marcus Trapp,Marcus Trapp,1,1,0.0,0.0,0.0,0.0,8
Markus Schweizer,Markus Schweizer,1,1,0.0,0.0,0.0,0.0,0
Xinyue Li,Xinyue Li,1,1,0.0,0.0,0.0,0.0,0
Chengwei Liu,Chengwei Liu,2,6,0.0,0.0,1.0,0.19760518358278126,0
Weihang Wang 0001,Weihang Wang 0001,1,1,0.0,0.0,0.0,0.0,0
Núria Mata,Núria Mata,1,1,0.0,0.0,0.0,0.0,0
Claudius Kocher,Claudius Kocher,1,1,0.0,0.0,0.0,0.0,0
Jochen Quante,Jochen Quante,2,2,0.0,0.0,1.0,0.08818894733156663,0
Vladimír Matena,Vladimír Matena,2,3,0.0,0.0,1.0,0.16458311491152056,0
Hongyu Zhang 0002,Hongyu Zhang 0002,1,1,0.0,0.0,0.0,0.0,0
Piergiuseppe Mallozzi,Piergiuseppe Mallozzi,1,2,0.0,0.0,0.0,0.0,0
Jun Qian,Jun Qian,1,1,0.0,0.0,0.0,0.0,0
Natasha M. Costa Valentim,Natasha M. Costa Valentim,1,1,0.0,0.0,0.0,0.0,0
Lihua Xu,Lihua Xu,1,4,0.0,0.0,0.0,0.0,0
Vladimir Rocha 0001,Vladimir Rocha 0001,3,3,0.0,0.0,1.0,0.05555555555555555,12
Thiago Bianchi,Thiago Bianchi,1,1,0.0,0.0,0.0,0.0,0
Yelin Liu,Yelin Liu,1,1,0.0,0.0,0.0,0.0,0
Alessio Gambi,Alessio Gambi,1,2,0.0,0.0,0.0,0.0,0
Fabio Calefato,Fabio Calefato,1,1,0.0,0.0,0.0,0.0,0
Song Huang,Song Huang,1,1,0.0,0.0,0.0,0.0,0
Yilun Zhang,Yilun Zhang,1,1,0.0,0.0,0.0,0.0,0
Xuandong Li,Xuandong Li,1,1,0.0,0.0,0.0,0.0,0
Matias Romário Pinheiro dos Santos,Matias Romário Pinheiro dos Santos,1,1,0.0,0.0,0.0,0.0,0
Pradeepkumar D. S,Pradeepkumar D. S,1,1,0.0,0.0,0.0,0.0,1
Heli Järvenpää,Heli Järvenpää,1,1,0.0,0.0,0.0,0.0,0
Henry Hoffmann,Henry Hoffmann,1,1,0.0,0.0,0.0,0.0,0
Srinivasan Rakhunathan,Srinivasan Rakhunathan,1,1,0.0,0.0,0.0,0.0,0
Nyyti Saarimäki,Nyyti Saarimäki,1,1,0.0,0.0,0.0,0.0,0
Gregor Engels,Gregor Engels,1,2,0.0,0.0,0.0,0.0,0
Gustavo B. Figueiredo,Gustavo B. Figueiredo,1,1,0.0,0.0,0.0,0.0,0
Ali Shahrokni,Ali Shahrokni,1,1,0.0,0.0,0.0,0.0,0
Tayana Conte,Tayana Conte,1,1,0.0,0.0,0.0,0.0,0
Christian Süß,Christian Süß,1,1,0.0,0.0,0.0,0.0,0
Pedro Fiuza Linhares,Pedro Fiuza Linhares,1,1,0.0,0.0,0.0,0.0,0
Martina Maggio,Martina Maggio,1,1,0.0,0.0,0.0,0.0,0
Anna Rita Fasolino,Anna Rita Fasolino,1,2,0.0,0.0,0.0,0.0,0
Marcelo Gattermann Perin,Marcelo Gattermann Perin,2,4,0.0,0.0,1.0,0.12719047139481465,0
Mikkel Baun Kjærgaard,Mikkel Baun Kjærgaard,1,1,0.0,0.0,0.0,0.0,0
Jiahao Zhang,Jiahao Zhang,1,1,0.0,0.0,0.0,0.0,0
Philipp Eibl,Philipp Eibl,1,1,0.0,0.0,0.0,0.0,0
Roberto Oliveira Bolgheroni,Roberto Oliveira Bolgheroni,1,1,0.0,0.0,0.0,0.0,0
Henry Lu,Henry Lu,1,1,0.0,0.0,0.0,0.0,0
Hinde-Lilia Bouziane,Hinde-Lilia Bouziane,8,10,0.0,0.0,0.6071428571428571,0.04385216786698106,2
Yifei Wu,Yifei Wu,1,1,0.0,0.0,0.0,0.0,0
Marcos Kalinowski,Marcos Kalinowski,1,1,0.0,0.0,0.0,0.0,0
Abdulaziz Alshayban,Abdulaziz Alshayban,1,1,0.0,0.0,0.0,0.0,0
Agata Kruzikova,Agata Kruzikova,1,1,0.0,0.0,0.0,0.0,0
Yony Kochinski,Yony Kochinski,1,1,0.0,0.0,0.0,0.0,0
Andressa Fernandes,Andressa Fernandes,3,3,0.0,0.0,1.0,0.05555555555555555,12
Andrew Walters,Andrew Walters,2,2,0.0,0.0,1.0,0.08818894733156663,0
Nan Zhang,Nan Zhang,1,1,0.0,0.0,0.0,0.0,0
Lucas Gren,Lucas Gren,1,1,0.0,0.0,0.0,0.0,0
Mehran Abolhasan,Mehran Abolhasan,2,2,0.0,0.0,1.0,0.08818894733156663,0
Shengyu Zhao,Shengyu Zhao,1,1,0.0,0.0,0.0,0.0,0
Tarek Malas,Tarek Malas,2,4,0.0,0.0,1.0,0.18344040271636813,0
Antonio Cicchetti,Antonio Cicchetti,4,4,0.0,0.0,1.0,0.09027987139013764,0
Silja Vinu,Silja Vinu,1,1,0.0,0.0,0.0,0.0,1
Weisong Sun,Weisong Sun,1,3,0.0,0.0,0.0,0.0,0
Carolyn Seaman,Carolyn Seaman,1,2,0.0,0.0,0.0,0.0,0
Maike Salfeld,Maike Salfeld,1,1,0.0,0.0,0.0,0.0,0
Ulf Eliasson,Ulf Eliasson,1,2,0.0,0.0,0.0,0.0,0
Teemu Laukkarinen,Teemu Laukkarinen,1,1,0.0,0.0,0.0,0.0,0
Katharina Großer,Katharina Großer,1,2,0.0,0.0,0.0,0.0,0
Liliana Pasquale,Liliana Pasquale,1,1,0.0,0.0,0.0,0.0,0
David Issa Mattos,David Issa Mattos,1,1,0.0,0.0,0.0,0.0,0
Milind Savagaonkar,Milind Savagaonkar,1,1,0.0,0.0,0.0,0.0,1
Ernando Passos,Ernando Passos,1,1,0.0,0.0,0.0,0.0,0
Mirco Franzago,Mirco Franzago,1,2,0.0,0.0,0.0,0.0,0
Johannes Ohlemacher,Johannes Ohlemacher,1,1,0.0,0.0,0.0,0.0,0
Danielle Gonzalez,Danielle Gonzalez,1,1,0.0,0.0,0.0,0.0,0
Pablo Cruz,Pablo Cruz,1,3,0.0,0.0,0.0,0.0,0
Priyavanshi Pathania,Priyavanshi Pathania,1,1,0.0,0.0,0.0,0.0,1
Filip Krikava,Filip Krikava,2,3,0.0,0.0,1.0,0.06999561388304851,0
Palak Sharma,Palak Sharma,1,1,0.0,0.0,0.0,0.0,0
Stefan Deßloch,Stefan Deßloch,1,1,0.0,0.0,0.0,0.0,8
Moamin Abughazala,Moamin Abughazala,2,12,0.0,0.0,1.0,0.23635115917305588,0
Albert Albers,Albert Albers,1,1,0.0,0.0,0.0,0.0,0
Mustapha Derras,Mustapha Derras,2,2,0.0,0.0,1.0,0.06999561388304851,2
Ran Mo,Ran Mo,2,7,0.0,0.0,1.0,0.2174926467316035,0
Marcos Medeiros,Marcos Medeiros,1,1,0.0,0.0,0.0,0.0,0
Björn Latte,Björn Latte,1,1,0.0,0.0,0.0,0.0,0
Mohammad Sharaf,Mohammad Sharaf,2,16,0.0,0.0,1.0,0.13701178190724833,0
Yukun Zhang,Yukun Zhang,4,4,0.0,0.0,1.0,0.05555555555555556,0
Wenbo Shen,Wenbo Shen,1,2,0.0,0.0,0.0,0.0,0
Lauren Adams,Lauren Adams,1,1,0.0,0.0,0.0,0.0,0
Chongbin Tang,Chongbin Tang,1,1,0.0,0.0,0.0,0.0,0
Milad Abdullah,Milad Abdullah,1,1,0.0,0.0,0.0,0.0,0
Thomas Alexander Völk,Thomas Alexander Völk,1,1,0.0,0.0,0.0,0.0,0
Markus Damm,Markus Damm,2,4,0.0,0.0,1.0,0.21254790919693212,0
Saghar Talebipour,Saghar Talebipour,1,1,0.0,0.0,0.0,0.0,0
Carlos Canal,Carlos Canal,1,1,0.0,0.0,0.0,0.0,0
Renaud Lambiotte,Renaud Lambiotte,1,1,0.0,0.0,0.0,0.0,0
Marcelo Benites Gonçalves,Marcelo Benites Gonçalves,1,1,0.0,0.0,0.0,0.0,0
Paulo Anselmo da Mota Silveira Neto,Paulo Anselmo da Mota Silveira Neto,1,1,0.0,0.0,0.0,0.0,0
Antonio Welligton Abreu,Antonio Welligton Abreu,3,5,0.0,0.0,1.0,0.07193516927064476,3
Paulo Vinicius Cardoso,Paulo Vinicius Cardoso,2,2,0.0,0.0,1.0,0.05555555555555555,16
Antonio Bianco,Antonio Bianco,1,1,0.0,0.0,0.0,0.0,0
Cláudia M. L. Werner,Cláudia M. L. Werner,3,4,0.0,0.0,1.0,0.10582083349474414,0
Feng Wu,Feng Wu,1,1,0.0,0.0,0.0,0.0,0
Iyad Wehbe,Iyad Wehbe,1,1,0.0,0.0,0.0,0.0,0
Wasif Afzal,Wasif Afzal,6,6,1.736109440104104e-05,0.0,0.0,0.0,7
Lanting He,Lanting He,1,1,0.0,0.0,0.0,0.0,0
Emilia Cioroaica,Emilia Cioroaica,5,15,0.0,0.0,0.8,0.12039131805051098,0
Flávio Oquendo,Flávio Oquendo,1,1,0.0,0.0,0.0,0.0,0
Olaf Zimmermann,Olaf Zimmermann,1,1,0.0,0.0,0.0,0.0,0
Jinchang Hu,Jinchang Hu,1,1,0.0,0.0,0.0,0.0,0
Rahina Oumarou Mahamane,Rahina Oumarou Mahamane,5,5,0.0,0.0,1.0,0.06133157888655273,2
Vanea Chiprianov,Vanea Chiprianov,1,1,0.0,0.0,0.0,0.0,0
Rodrigo B. de Paes,Rodrigo B. de Paes,1,1,0.0,0.0,0.0,0.0,0
Manoj Kannan Soundara Pandian,Manoj Kannan Soundara Pandian,1,1,0.0,0.0,0.0,0.0,0
Yiling Lou,Yiling Lou,1,1,0.0,0.0,0.0,0.0,0
Robert Kroeger,Robert Kroeger,1,1,0.0,0.0,0.0,0.0,0
Sen Chen 0001,Sen Chen 0001,2,8,0.0,0.0,1.0,0.2210587337720218,0
Akash Manjunath,Akash Manjunath,4,4,0.0,0.0,1.0,0.11098175936711656,4
Humberto Cervantes 0001,Humberto Cervantes 0001,1,1,0.0,0.0,0.0,0.0,0
Kynan Eng,Kynan Eng,1,1,0.0,0.0,0.0,0.0,0
Yiming Liu,Yiming Liu,1,1,0.0,0.0,0.0,0.0,0
Haoxiang Jia,Haoxiang Jia,1,1,0.0,0.0,0.0,0.0,0
Marcello Visconti,Marcello Visconti,2,2,0.0,0.0,1.0,0.10627395459846606,0
Priom Biswas,Priom Biswas,1,1,0.0,0.0,0.0,0.0,0
Constantin Ziesche,Constantin Ziesche,2,2,0.0,0.0,1.0,0.13389679245417946,0
Federica Sarro,Federica Sarro,1,1,0.0,0.0,0.0,0.0,0
Rajiv Ramdhany,Rajiv Ramdhany,1,1,0.0,0.0,0.0,0.0,0
Jonas Schneider 0006,Jonas Schneider 0006,1,1,0.0,0.0,0.0,0.0,0
Thomas Zimmermann,Thomas Zimmermann,1,1,0.0,0.0,0.0,0.0,0
Marina Mongiello,Marina Mongiello,1,1,0.0,0.0,0.0,0.0,0
Ramona Trestian,Ramona Trestian,1,1,0.0,0.0,0.0,0.0,0
Florian Eyben,Florian Eyben,1,1,0.0,0.0,0.0,0.0,0
Oliver Creighton,Oliver Creighton,1,1,0.0,0.0,0.0,0.0,0
Rui Chang,Rui Chang,1,2,0.0,0.0,0.0,0.0,0
Viviane S. Ghaderi,Viviane S. Ghaderi,1,1,0.0,0.0,0.0,0.0,0
Sandra Schröder,Sandra Schröder,1,1,0.0,0.0,0.0,0.0,10
Pantelis A. Frangoudis,Pantelis A. Frangoudis,1,1,0.0,0.0,0.0,0.0,0
Dênis Zaniro,Dênis Zaniro,1,1,0.0,0.0,0.0,0.0,0
Aapo Koski,Aapo Koski,1,1,0.0,0.0,0.0,0.0,0
Evilásio Costa Junior,Evilásio Costa Junior,1,1,0.0,0.0,0.0,0.0,0
Willy Tiengo,Willy Tiengo,1,1,0.0,0.0,0.0,0.0,0
Chen Yang 0007,Chen Yang 0007,1,1,0.0,0.0,0.0,0.0,0
Daniel Angelo Esteves Lawand,Daniel Angelo Esteves Lawand,1,1,0.0,0.0,0.0,0.0,0
Zifan Xie,Zifan Xie,1,1,0.0,0.0,0.0,0.0,0
Antonio Bucchiarone,Antonio Bucchiarone,4,4,0.0,0.0,1.0,0.09027987139013764,0
Cristina Frà,Cristina Frà,1,1,0.0,0.0,0.0,0.0,0
Daoyuan Wu,Daoyuan Wu,1,3,0.0,0.0,0.0,0.0,0
Tsong Yueh Chen,Tsong Yueh Chen,1,1,0.0,0.0,0.0,0.0,0
Marco Ehl,Marco Ehl,1,2,0.0,0.0,0.0,0.0,0
Reyhaneh Jabbarvand,Reyhaneh Jabbarvand,1,3,0.0,0.0,0.0,0.0,0
Philipp Obergfell,Philipp Obergfell,2,5,0.0,0.0,1.0,0.14559674412271648,0
Osman Abdelmukaram,Osman Abdelmukaram,1,1,0.0,0.0,0.0,0.0,0
Ngoc-Thanh Nguyen 0002,Ngoc-Thanh Nguyen 0002,1,2,0.0,0.0,0.0,0.0,0
Jeff Gennari,Jeff Gennari,3,3,0.0,0.0,1.0,0.07943386083530858,0
Arif Ali Khan,Arif Ali Khan,1,1,0.0,0.0,0.0,0.0,0
Saurab Rajkarnikar,Saurab Rajkarnikar,1,1,0.0,0.0,0.0,0.0,0
Prakhar Jain,Prakhar Jain,1,1,0.0,0.0,0.0,0.0,0
Jianhua Zhou,Jianhua Zhou,1,1,0.0,0.0,0.0,0.0,0
Martin Macák,Martin Macák,2,3,0.0,0.0,1.0,0.10095114404622998,0
Akhila Matathammal,Akhila Matathammal,1,1,0.0,0.0,0.0,0.0,0
Antonia Bertolino,Antonia Bertolino,1,1,0.0,0.0,0.0,0.0,0
Mohammad Mehdi Pourhashem Kallehbasti,Mohammad Mehdi Pourhashem Kallehbasti,1,1,0.0,0.0,0.0,0.0,0
Azriel Majdenbaum,Azriel Majdenbaum,3,3,0.0,0.0,1.0,0.06374536241310015,0
Maleknaz Nayebi,Maleknaz Nayebi,1,1,0.0,0.0,0.0,0.0,0
Bastien Tramoni,Bastien Tramoni,1,1,0.0,0.0,0.0,0.0,2
Swapnajeet Gon Choudhury,Swapnajeet Gon Choudhury,1,1,0.0,0.0,0.0,0.0,1
Markus böbel,Markus böbel,2,2,0.0,0.0,1.0,0.1306297048733754,0
Jake Muff,Jake Muff,1,1,0.0,0.0,0.0,0.0,0
Shiqian Zhao,Shiqian Zhao,1,1,0.0,0.0,0.0,0.0,0
Justin Lipman,Justin Lipman,2,2,0.0,0.0,1.0,0.08818894733156663,0
Reiner Jung,Reiner Jung,1,1,0.0,0.0,0.0,0.0,0
Helena Holmström Olsson,Helena Holmström Olsson,1,1,0.0,0.0,0.0,0.0,0
Razieh Alidoosti,Razieh Alidoosti,1,1,0.0,0.0,0.0,0.0,0
Alejandro Russo,Alejandro Russo,1,1,0.0,0.0,0.0,0.0,0
Syed Asad Ali Naqvi,Syed Asad Ali Naqvi,1,1,0.0,0.0,0.0,0.0,0
Yuekang Li,Yuekang Li,2,7,0.0,0.0,1.0,0.20998684164914555,0
Ashutosh Pandey 0002,Ashutosh Pandey 0002,2,2,0.0,0.0,1.0,0.12719047139481465,0
Ana Petrovska,Ana Petrovska,2,3,0.0,0.0,1.0,0.06999561388304851,0
Nicolli Rios,Nicolli Rios,3,6,0.0,0.0,1.0,0.15316386459741324,0
Diogo Pina,Diogo Pina,1,2,0.0,0.0,0.0,0.0,0
Zhaogui Xu,Zhaogui Xu,1,1,0.0,0.0,0.0,0.0,0
Romain Robbes,Romain Robbes,1,1,0.0,0.0,0.0,0.0,6
Tianming Liu 0002,Tianming Liu 0002,1,1,0.0,0.0,0.0,0.0,0
Wanwangying Ma,Wanwangying Ma,1,1,0.0,0.0,0.0,0.0,0
Roberta Coelho,Roberta Coelho,1,1,0.0,0.0,0.0,0.0,0
Steffen Hess,Steffen Hess,1,2,0.0,0.0,0.0,0.0,8
Anderson Oliveira,Anderson Oliveira,1,1,0.0,0.0,0.0,0.0,0
Haiyan Zhao 0001,Haiyan Zhao 0001,1,1,0.0,0.0,0.0,0.0,0
Nathan Hagel,Nathan Hagel,1,1,0.0,0.0,0.0,0.0,0
Xiangxin Meng,Xiangxin Meng,1,1,0.0,0.0,0.0,0.0,0
Carola Lilienthal,Carola Lilienthal,2,2,0.0,0.0,1.0,0.05555555555555555,0
Wesley K. G. Assunção,Wesley K. G. Assunção,1,2,0.0,0.0,0.0,0.0,0
Baldoino Fonseca,Baldoino Fonseca,1,6,0.0,0.0,0.0,0.0,0
Nicolas Hili,Nicolas Hili,1,1,0.0,0.0,0.0,0.0,0
Samarth Sikand,Samarth Sikand,1,1,0.0,0.0,0.0,0.0,1
Fawaz Alhenaki,Fawaz Alhenaki,1,1,0.0,0.0,0.0,0.0,0
John S. Fitzgerald,John S. Fitzgerald,1,1,0.0,0.0,0.0,0.0,0
Antero Taivalsaari,Antero Taivalsaari,1,1,0.0,0.0,0.0,0.0,0
David Mauricio,David Mauricio,1,1,0.0,0.0,0.0,0.0,20
Uwe Mayer,Uwe Mayer,1,1,0.0,0.0,0.0,0.0,0
Nikos Diamantopoulos,Nikos Diamantopoulos,1,1,0.0,0.0,0.0,0.0,0
R. P. Jagadeesh Chandra Bose,R. P. Jagadeesh Chandra Bose,1,4,0.0,0.0,0.0,0.0,1
Yun Miao,Yun Miao,1,1,0.0,0.0,0.0,0.0,0
André van Hoorn,André van Hoorn,1,3,0.0,0.0,0.0,0.0,0
Sávio Freire,Sávio Freire,3,6,0.0,0.0,1.0,0.15316386459741324,0
Chunrong Fang,Chunrong Fang,1,2,0.0,0.0,0.0,0.0,0
Chunqi Tian,Chunqi Tian,1,1,0.0,0.0,0.0,0.0,0
Nicolás D'Ippolito,Nicolás D'Ippolito,1,1,0.0,0.0,0.0,0.0,0
Jiaqi Guo,Jiaqi Guo,1,1,0.0,0.0,0.0,0.0,0
Andreas Metzger,Andreas Metzger,1,2,0.0,0.0,0.0,0.0,0
Subash Kannoth,Subash Kannoth,2,2,0.0,0.0,1.0,0.13389679245417946,0
Xiaoya Xia,Xiaoya Xia,1,1,0.0,0.0,0.0,0.0,0
Eduardo B. Fernández,Eduardo B. Fernández,1,2,0.0,0.0,0.0,0.0,0
Brian Fitzgerald 0001,Brian Fitzgerald 0001,1,1,0.0,0.0,0.0,0.0,0
Néstor Cataño,Néstor Cataño,2,2,0.0,0.0,1.0,0.10095114404622998,0
Arijit Naskar,Arijit Naskar,1,1,0.0,0.0,0.0,0.0,1
Duc Minh Le,Duc Minh Le,1,5,0.0,0.0,0.0,0.0,0
Miroslaw Staron,Miroslaw Staron,2,4,0.0,0.0,1.0,0.10095114404622998,0
Mingwei Liu 0002,Mingwei Liu 0002,1,1,0.0,0.0,0.0,0.0,0
Giuseppe Destefanis,Giuseppe Destefanis,2,8,0.0,0.0,1.0,0.28499599111278284,0
Qiang Hu,Qiang Hu,1,2,0.0,0.0,0.0,0.0,0
Morgan Price,Morgan Price,1,2,0.0,0.0,0.0,0.0,5
Malolan Chetlur,Malolan Chetlur,1,1,0.0,0.0,0.0,0.0,0
Ivan Ruchkin,Ivan Ruchkin,1,1,0.0,0.0,0.0,0.0,0
Marx Haron Gomes Barbosa,Marx Haron Gomes Barbosa,1,1,0.0,0.0,0.0,0.0,0
Thomas Kühn 0001,Thomas Kühn 0001,1,2,0.0,0.0,0.0,0.0,0
Larissa Lavanya,Larissa Lavanya,1,1,0.0,0.0,0.0,0.0,0
Christian Stier,Christian Stier,1,1,0.0,0.0,0.0,0.0,0
Bernardo Estácio,Bernardo Estácio,2,2,0.0,0.0,1.0,0.06999561388304851,0
Leopoldo Teixeira,Leopoldo Teixeira,1,1,0.0,0.0,0.0,0.0,0
Apurvanand Sahay,Apurvanand Sahay,1,1,0.0,0.0,0.0,0.0,0
Dita Prikrylova,Dita Prikrylova,1,2,0.0,0.0,0.0,0.0,0
Andreas Vogelsang,Andreas Vogelsang,1,1,0.0,0.0,0.0,0.0,0
Christian Kästner,Christian Kästner,2,2,0.0,0.0,1.0,0.12719047139481465,0
Rudra Dhar,Rudra Dhar,1,2,0.0,0.0,0.0,0.0,0
Marie Christin Platenius,Marie Christin Platenius,1,2,0.0,0.0,0.0,0.0,0
Marcello M. Bersani,Marcello M. Bersani,1,1,0.0,0.0,0.0,0.0,0
Roberto Verdecchia,Roberto Verdecchia,1,1,0.0,0.0,0.0,0.0,0
Sara Moshtari,Sara Moshtari,3,4,0.0,0.0,0.6666666666666666,0.07179313957546042,0
Jun-Wei Lin,Jun-Wei Lin,1,2,0.0,0.0,0.0,0.0,0
Miguel Collado,Miguel Collado,1,1,0.0,0.0,0.0,0.0,0
Sumantra Mukherjee,Sumantra Mukherjee,3,3,0.0,0.0,1.0,0.06999561388304851,1
Kurt-Lennart Lundbäck,Kurt-Lennart Lundbäck,3,5,0.0,0.0,1.0,0.1011894553526493,0
Fieran Mason-Blakley,Fieran Mason-Blakley,1,1,0.0,0.0,0.0,0.0,5
Henrik Lönn,Henrik Lönn,1,1,0.0,0.0,0.0,0.0,0
Martin P. Robillard,Martin P. Robillard,1,1,0.0,0.0,0.0,0.0,0
Domenico Amalfitano,Domenico Amalfitano,1,2,0.0,0.0,0.0,0.0,0
Kevin Koch,Kevin Koch,5,5,0.0,0.0,1.0,0.10803407534920913,4
Igor Fabio Steinmacher,Igor Fabio Steinmacher,1,1,0.0,0.0,0.0,0.0,0
Darko Durisic,Darko Durisic,2,3,0.0,0.0,1.0,0.08818894733156663,0
Liang Dou,Liang Dou,1,1,0.0,0.0,0.0,0.0,0
Andrew Quinlan,Andrew Quinlan,1,1,0.0,0.0,0.0,0.0,0
Lin Tan 0001,Lin Tan 0001,1,1,0.0,0.0,0.0,0.0,0
Anurag Dwarakanath,Anurag Dwarakanath,1,1,0.0,0.0,0.0,0.0,1
Wuxia Jin,Wuxia Jin,1,2,0.0,0.0,0.0,0.0,0
Morteza Ziyadi,Morteza Ziyadi,1,1,0.0,0.0,0.0,0.0,0
Wei Huo 0005,Wei Huo 0005,1,1,0.0,0.0,0.0,0.0,0
Kati Kuusinen,Kati Kuusinen,1,1,0.0,0.0,0.0,0.0,0
Schuyler Dillon,Schuyler Dillon,1,1,0.0,0.0,0.0,0.0,0
Axel Busch,Axel Busch,1,3,0.0,0.0,0.0,0.0,0
Melissa Wen,Melissa Wen,1,1,0.0,0.0,0.0,0.0,0
Hye-Young Paik,Hye-Young Paik,1,1,0.0,0.0,0.0,0.0,0
Reid G. Simmons,Reid G. Simmons,2,3,0.0,0.0,1.0,0.16024995225637872,0
Mikel Robredo,Mikel Robredo,1,1,0.0,0.0,0.0,0.0,0
Xin Peng 0001,Xin Peng 0001,3,9,0.0,0.0,1.0,0.17724951371853717,0
Meng Sun 0002,Meng Sun 0002,1,1,0.0,0.0,0.0,0.0,0
Alexander Zadorojniy,Alexander Zadorojniy,1,1,0.0,0.0,0.0,0.0,0
Robert Stoddard,Robert Stoddard,1,1,0.0,0.0,0.0,0.0,0
Fernanda de Mello,Fernanda de Mello,1,1,0.0,0.0,0.0,0.0,0
Maytheewat Aramrattana,Maytheewat Aramrattana,1,1,0.0,0.0,0.0,0.0,0
Alexander Krause,Alexander Krause,4,4,0.0,0.0,1.0,0.05555555555555556,0
Vinícius Augusto Tagliatti Zani,Vinícius Augusto Tagliatti Zani,1,1,0.0,0.0,0.0,0.0,0
Xiyue Zhang 0001,Xiyue Zhang 0001,1,1,0.0,0.0,0.0,0.0,0
Priyanka Karkhanis,Priyanka Karkhanis,2,3,0.0,0.0,1.0,0.1111111111111111,0
Rayane Celestino dos Santos,Rayane Celestino dos Santos,4,4,0.0,0.0,1.0,0.05555555555555556,0
Joanna Ye,Joanna Ye,2,2,0.0,0.0,1.0,0.10095114404622998,0
Davide Falessi,Davide Falessi,3,3,0.0,0.0,1.0,0.09648718854476453,0
Geguang Pu,Geguang Pu,1,2,0.0,0.0,0.0,0.0,0
Jaejoon Lee,Jaejoon Lee,1,1,0.0,0.0,0.0,0.0,0
William J. Buchanan,William J. Buchanan,2,2,0.0,0.0,1.0,0.05555555555555555,15
Leonardo Mariani,Leonardo Mariani,2,2,0.0,0.0,1.0,0.10627395459846606,0
Everton Cavalcante,Everton Cavalcante,1,1,0.0,0.0,0.0,0.0,0
Elvin Alberts,Elvin Alberts,2,3,0.0,0.0,1.0,0.16458311491152056,0
Tilmann Stehle,Tilmann Stehle,1,1,0.0,0.0,0.0,0.0,10
Kevin Eriksson,Kevin Eriksson,1,1,0.0,0.0,0.0,0.0,0
Minli Bao,Minli Bao,1,1,0.0,0.0,0.0,0.0,0
Ronee Chadowitz,Ronee Chadowitz,1,1,0.0,0.0,0.0,0.0,0
Sahar Tahvili,Sahar Tahvili,1,1,0.0,0.0,0.0,0.0,7
Cássio V. S. Prazeres,Cássio V. S. Prazeres,1,1,0.0,0.0,0.0,0.0,0
Rob van der Valk,Rob van der Valk,1,1,0.0,0.0,0.0,0.0,0
Rodolfo E. Haber,Rodolfo E. Haber,1,1,0.0,0.0,0.0,0.0,0
Oleksandr Shabelnyk,Oleksandr Shabelnyk,1,1,0.0,0.0,0.0,0.0,0
Alexander Lokhman,Alexander Lokhman,1,1,0.0,0.0,0.0,0.0,0
Daniel Oliveira 0005,Daniel Oliveira 0005,1,3,0.0,0.0,0.0,0.0,0
Haijun Wang 0002,Haijun Wang 0002,1,4,0.0,0.0,0.0,0.0,0
Gordana Dodig-Crnkovic,Gordana Dodig-Crnkovic,1,1,0.0,0.0,0.0,0.0,0
Yepang Liu 0001,Yepang Liu 0001,1,1,0.0,0.0,0.0,0.0,0
Stepan Shevtsov,Stepan Shevtsov,1,1,0.0,0.0,0.0,0.0,0
Tua Huomo,Tua Huomo,1,1,0.0,0.0,0.0,0.0,0
Christopher Steven Timperley,Christopher Steven Timperley,1,3,0.0,0.0,0.0,0.0,0
Arthur Rodrigues,Arthur Rodrigues,1,2,0.0,0.0,0.0,0.0,0
Inayat Rehman,Inayat Rehman,1,1,0.0,0.0,0.0,0.0,0
Björn Mittelsdorf,Björn Mittelsdorf,2,2,0.0,0.0,1.0,0.13389679245417946,0
Lubomír Bulej,Lubomír Bulej,2,2,0.0,0.0,1.0,0.1306297048733754,0
Shubham Kulkarni,Shubham Kulkarni,1,2,0.0,0.0,0.0,0.0,0
Joran Leest,Joran Leest,1,2,0.0,0.0,0.0,0.0,0
Maximilian Eckert,Maximilian Eckert,1,1,0.0,0.0,0.0,0.0,0
Andrea Zisman,Andrea Zisman,1,1,0.0,0.0,0.0,0.0,0
Leo Moreira Silva,Leo Moreira Silva,4,4,0.0,0.0,1.0,0.05555555555555556,0
Sridhar Adepu,Sridhar Adepu,1,1,0.0,0.0,0.0,0.0,0
Wolfgang Reisig,Wolfgang Reisig,1,1,0.0,0.0,0.0,0.0,0
Manfred Broy,Manfred Broy,1,1,0.0,0.0,0.0,0.0,0
Rima Al Ali,Rima Al Ali,1,1,0.0,0.0,0.0,0.0,0
Xin Huang 0019,Xin Huang 0019,1,2,0.0,0.0,0.0,0.0,0
Yingjun Lyu,Yingjun Lyu,1,1,0.0,0.0,0.0,0.0,0
Manoel G. Mendonça,Manoel G. Mendonça,3,3,0.0,0.0,1.0,0.09648718854476453,0
Hanieh Alipour,Hanieh Alipour,1,1,0.0,0.0,0.0,0.0,0
Yunhui Zheng,Yunhui Zheng,1,1,0.0,0.0,0.0,0.0,0
Yuekun Wang,Yuekun Wang,1,1,0.0,0.0,0.0,0.0,0
Ana Carolina Sanchotene Silva,Ana Carolina Sanchotene Silva,1,1,0.0,0.0,0.0,0.0,0
John D. McGregor,John D. McGregor,1,5,0.0,0.0,0.0,0.0,0
Felipe Osses,Felipe Osses,2,4,0.0,0.0,1.0,0.1686993873264257,0
Jan Jürjens,Jan Jürjens,1,2,0.0,0.0,0.0,0.0,0
Felipe A. C. Xavier,Felipe A. C. Xavier,1,1,0.0,0.0,0.0,0.0,0
Hans-Martin von Stockhausen,Hans-Martin von Stockhausen,1,1,0.0,0.0,0.0,0.0,19
Benedito de Oliveira,Benedito de Oliveira,1,1,0.0,0.0,0.0,0.0,0
Ingrid Nunes,Ingrid Nunes,1,1,0.0,0.0,0.0,0.0,0
Rodrigo O. Spínola,Rodrigo O. Spínola,3,6,0.0,0.0,1.0,0.15316386459741324,0
Martin Weyssow,Martin Weyssow,1,1,0.0,0.0,0.0,0.0,0
Federica Paci,Federica Paci,1,1,0.0,0.0,0.0,0.0,0
Márcio Ribeiro 0001,Márcio Ribeiro 0001,1,2,0.0,0.0,0.0,0.0,0
Markus Bohlin,Markus Bohlin,1,1,0.0,0.0,0.0,0.0,7
Ithar Saleh,Ithar Saleh,1,1,0.0,0.0,0.0,0.0,0
Zhenxiao Hao,Zhenxiao Hao,1,1,0.0,0.0,0.0,0.0,0
Sadra Sabouri,Sadra Sabouri,1,1,0.0,0.0,0.0,0.0,0
Antti Peuhkurinen,Antti Peuhkurinen,1,1,0.0,0.0,0.0,0.0,0
Sasa Misailovic,Sasa Misailovic,1,1,0.0,0.0,0.0,0.0,0
Xinyue Liu 0005,Xinyue Liu 0005,1,1,0.0,0.0,0.0,0.0,0
Bruno Gabriel Araújo Lebtag,Bruno Gabriel Araújo Lebtag,6,6,0.0,0.0,1.0,0.06668247097498597,0
Xiaorui Gong,Xiaorui Gong,1,1,0.0,0.0,0.0,0.0,0
Matthew L. Bolton,Matthew L. Bolton,1,1,0.0,0.0,0.0,0.0,0
Wei Zheng 0006,Wei Zheng 0006,1,1,0.0,0.0,0.0,0.0,0
Billy Lando,Billy Lando,1,1,0.0,0.0,0.0,0.0,0
Raghav Donakanti,Raghav Donakanti,1,1,0.0,0.0,0.0,0.0,0
Timo Aaltonen,Timo Aaltonen,1,1,0.0,0.0,0.0,0.0,0
Claus Pahl,Claus Pahl,2,2,0.0,0.0,1.0,0.08012497612818936,0
Luís Nunes,Luís Nunes,2,2,0.0,0.0,1.0,0.06999561388304851,0
Radu-Casian Mihailescu,Radu-Casian Mihailescu,2,2,0.0,0.0,1.0,0.10627395459846606,0
Violet Deepa Sera,Violet Deepa Sera,1,2,0.0,0.0,0.0,0.0,17
Rong Wang,Rong Wang,1,1,0.0,0.0,0.0,0.0,0
Bo Liu 0033,Bo Liu 0033,4,4,0.0,0.0,1.0,0.05555555555555556,0
Arlindo F. da Conceição,Arlindo F. da Conceição,3,3,0.0,0.0,1.0,0.05555555555555555,12
Marza De Sousa Zaranza,Marza De Sousa Zaranza,1,1,0.0,0.0,0.0,0.0,0
Haoyu Liu,Haoyu Liu,1,2,0.0,0.0,0.0,0.0,0
Philippe Kruchten,Philippe Kruchten,2,2,0.0,0.0,1.0,0.05555555555555555,0
Ahmad Mohsin,Ahmad Mohsin,6,6,0.0,0.0,1.0,0.06668247097498597,0
Gaurav Pal,Gaurav Pal,1,2,0.0,0.0,0.0,0.0,0
Syeda Tasnim Fabiha,Syeda Tasnim Fabiha,1,1,0.0,0.0,0.0,0.0,0
Valerio Panzica La Manna,Valerio Panzica La Manna,1,1,0.0,0.0,0.0,0.0,0
Tian Huat Tan,Tian Huat Tan,1,1,0.0,0.0,0.0,0.0,0
Eduardo Ferreira da Silva,Eduardo Ferreira da Silva,1,1,0.0,0.0,0.0,0.0,0
Moritz Gstür,Moritz Gstür,1,1,0.0,0.0,0.0,0.0,0
Yueming Wu 0001,Yueming Wu 0001,1,3,0.0,0.0,0.0,0.0,0
Emanuel Ferreira Coutinho,Emanuel Ferreira Coutinho,1,1,0.0,0.0,0.0,0.0,0
Anna-Liisa Mattila,Anna-Liisa Mattila,1,1,0.0,0.0,0.0,0.0,0
Cuiyun Gao 0001,Cuiyun Gao 0001,1,1,0.0,0.0,0.0,0.0,0
Ming Wen 0001,Ming Wen 0001,1,1,0.0,0.0,0.0,0.0,0
Derek Rayside,Derek Rayside,1,1,0.0,0.0,0.0,0.0,0
Yun Lin 0001,Yun Lin 0001,1,1,0.0,0.0,0.0,0.0,0
Leo Hatvani,Leo Hatvani,1,1,0.0,0.0,0.0,0.0,7
Lucia Happe,Lucia Happe,1,1,0.0,0.0,0.0,0.0,0
Carolyn B. Seaman,Carolyn B. Seaman,3,6,0.0,0.0,1.0,0.15316386459741324,0
Matteo G. Rossi,Matteo G. Rossi,1,1,0.0,0.0,0.0,0.0,0
Anuradha Vattem,Anuradha Vattem,1,2,0.0,0.0,0.0,0.0,0
Craig E. Kuziemsky,Craig E. Kuziemsky,1,1,0.0,0.0,0.0,0.0,5
Bruno Batista,Bruno Batista,1,1,0.0,0.0,0.0,0.0,0
Nilson Silva,Nilson Silva,1,1,0.0,0.0,0.0,0.0,0
Xiaochen Guo,Xiaochen Guo,1,1,0.0,0.0,0.0,0.0,0
Julie Dugdale,Julie Dugdale,1,2,0.0,0.0,0.0,0.0,0
Antti-Pekka Tuovinen,Antti-Pekka Tuovinen,1,1,0.0,0.0,0.0,0.0,0
Tim Menzies,Tim Menzies,1,1,0.0,0.0,0.0,0.0,0
M. Mehdi Kholoosi,M. Mehdi Kholoosi,1,1,0.0,0.0,0.0,0.0,0
Luiz Pedro Guerra,Luiz Pedro Guerra,2,4,0.0,0.0,1.0,0.12719047139481465,0
Shaunak Biswas,Shaunak Biswas,1,1,0.0,0.0,0.0,0.0,0
Han Liu 0012,Han Liu 0012,1,1,0.0,0.0,0.0,0.0,0
Ting Su 0001,Ting Su 0001,1,5,0.0,0.0,0.0,0.0,0
Riccardo Rubei,Riccardo Rubei,1,1,0.0,0.0,0.0,0.0,0
Vojtech Horký,Vojtech Horký,2,4,0.0,0.0,1.0,0.20736173093429155,0
Clemente Izurieta,Clemente Izurieta,3,3,0.0,0.0,1.0,0.09648718854476453,0
Luiz Alexandre Costa,Luiz Alexandre Costa,1,1,0.0,0.0,0.0,0.0,0
Erik Burger,Erik Burger,2,2,0.0,0.0,1.0,0.08818894733156663,0
Faezeh Amou Najafabadi,Faezeh Amou Najafabadi,1,1,0.0,0.0,0.0,0.0,0
Bernardo Andrade,Bernardo Andrade,1,1,0.0,0.0,0.0,0.0,0
Juan Cadavid,Juan Cadavid,1,1,0.0,0.0,0.0,0.0,0
Liyun Dai,Liyun Dai,4,4,0.0,0.0,1.0,0.05555555555555556,0
Sophie Schulz,Sophie Schulz,1,3,0.0,0.0,0.0,0.0,0
Mohamed Soliman 0001,Mohamed Soliman 0001,1,1,0.0,0.0,0.0,0.0,10
Kate Kalcevich,Kate Kalcevich,1,1,0.0,0.0,0.0,0.0,0
Colin Paterson,Colin Paterson,1,1,0.0,0.0,0.0,0.0,0
Xiapu Luo,Xiapu Luo,1,1,0.0,0.0,0.0,0.0,0
Thiago Gottardi,Thiago Gottardi,2,5,0.0,0.0,1.0,0.16024995225637872,9
Kapil Singi,Kapil Singi,1,5,0.0,0.0,0.0,0.0,1
Djalma Antony Rodrigues,Djalma Antony Rodrigues,4,4,0.0,0.0,1.0,0.05555555555555556,0
Michael Bauer,Michael Bauer,1,1,0.0,0.0,0.0,0.0,0
Niklas Ewald,Niklas Ewald,1,1,0.0,0.0,0.0,0.0,0
Glauber Queiroz de Oliveira,Glauber Queiroz de Oliveira,1,1,0.0,0.0,0.0,0.0,0
Luca Berardinelli,Luca Berardinelli,1,1,0.0,0.0,0.0,0.0,0
Shuai Wang 0011,Shuai Wang 0011,1,1,0.0,0.0,0.0,0.0,0
Christof Tinnes,Christof Tinnes,5,8,0.0,0.0,1.0,0.14370993812945587,4
Xian Zhan,Xian Zhan,1,1,0.0,0.0,0.0,0.0,0
Mónica M. Villegas,Mónica M. Villegas,2,6,0.0,0.0,1.0,0.21254790919693212,0
Nikhil Bamby,Nikhil Bamby,1,1,0.0,0.0,0.0,0.0,1
Yue Xue,Yue Xue,1,2,0.0,0.0,0.0,0.0,0
Diogenes Dias,Diogenes Dias,1,1,0.0,0.0,0.0,0.0,0
Hans-Jörg Vögel,Hans-Jörg Vögel,1,1,0.0,0.0,0.0,0.0,0
Dandan Ji,Dandan Ji,1,1,0.0,0.0,0.0,0.0,0
Yinxing Xue,Yinxing Xue,1,4,0.0,0.0,0.0,0.0,0
Janek Speit,Janek Speit,1,2,0.0,0.0,0.0,0.0,0
Rohit Gheyi,Rohit Gheyi,1,2,0.0,0.0,0.0,0.0,0
Suprio Ray,Suprio Ray,1,1,0.0,0.0,0.0,0.0,0
Ye Yang,Ye Yang,2,2,0.0,0.0,1.0,0.10095114404622998,0
Sona Ghahremani,Sona Ghahremani,1,1,0.0,0.0,0.0,0.0,0
Feng Li 0045,Feng Li 0045,1,1,0.0,0.0,0.0,0.0,0
Petr Hnetynka,Petr Hnetynka,2,19,0.0,0.0,1.0,0.5581361426148641,0
Qi Guo,Qi Guo,1,1,0.0,0.0,0.0,0.0,0
Bushra Sabir,Bushra Sabir,2,2,0.0,0.0,1.0,0.08818894733156663,0
Fabio Massacci,Fabio Massacci,1,1,0.0,0.0,0.0,0.0,0
Serge Haziyev,Serge Haziyev,2,2,0.0,0.0,1.0,0.09499866370426094,0
Junjie Wang 0007,Junjie Wang 0007,2,2,0.0,0.0,1.0,0.11556021239177244,0
Samuel Ferino,Samuel Ferino,1,2,0.0,0.0,0.0,0.0,0
Alexia Pacheco,Alexia Pacheco,3,3,0.0,0.0,1.0,0.09648718854476453,0
Yuchen Chen,Yuchen Chen,1,1,0.0,0.0,0.0,0.0,0
Arman Shahbazian,Arman Shahbazian,1,5,0.0,0.0,0.0,0.0,0
Daniel Link 0003,Daniel Link 0003,1,1,0.0,0.0,0.0,0.0,0
Tobias Hey 0001,Tobias Hey 0001,1,4,0.0,0.0,0.0,0.0,0
Jeffrey Kramer,Jeffrey Kramer,1,1,0.0,0.0,0.0,0.0,0
Simone D. J. Barbosa,Simone D. J. Barbosa,1,1,0.0,0.0,0.0,0.0,0
Alessia Knauss,Alessia Knauss,2,2,0.0,0.0,1.0,0.1306297048733754,0
Lucas Vieira,Lucas Vieira,1,1,0.0,0.0,0.0,0.0,0
Maycon L. M. Peixoto,Maycon L. M. Peixoto,1,1,0.0,0.0,0.0,0.0,0
Minhui Xue 0001,Minhui Xue 0001,1,1,0.0,0.0,0.0,0.0,0
Zai Zhang 0001,Zai Zhang 0001,3,3,0.0,0.0,1.0,0.1034248957057709,0
Tobias Thirolf,Tobias Thirolf,1,1,0.0,0.0,0.0,0.0,0
Davide Yi Xian Hu,Davide Yi Xian Hu,1,1,0.0,0.0,0.0,0.0,0
Lucas B. R. Oliveira,Lucas B. R. Oliveira,1,1,0.0,0.0,0.0,0.0,0
Marko Komssi,Marko Komssi,1,1,0.0,0.0,0.0,0.0,0
Jesko Hermann,Jesko Hermann,2,2,0.0,0.0,1.0,0.13389679245417946,0
Lanlan Zhan,Lanlan Zhan,1,1,0.0,0.0,0.0,0.0,0
Manish Ahuja,Manish Ahuja,1,1,0.0,0.0,0.0,0.0,1
Junda He,Junda He,1,1,0.0,0.0,0.0,0.0,0
Alois C. Knoll,Alois C. Knoll,2,4,0.0,0.0,1.0,0.12719047139481465,0
Henning Schulz,Henning Schulz,1,1,0.0,0.0,0.0,0.0,0
Yeting Li,Yeting Li,1,1,0.0,0.0,0.0,0.0,0
Danylo Khalyeyev,Danylo Khalyeyev,2,4,0.0,0.0,1.0,0.18840063572300925,0
Patrick E. Harris,Patrick E. Harris,1,1,0.0,0.0,0.0,0.0,0
Haoyu Wang 0001,Haoyu Wang 0001,1,2,0.0,0.0,0.0,0.0,0
Safwat Ali Khan,Safwat Ali Khan,1,1,0.0,0.0,0.0,0.0,0
Lukas Daubner,Lukas Daubner,2,3,0.0,0.0,1.0,0.10095114404622998,0
Liang Zou,Liang Zou,1,1,0.0,0.0,0.0,0.0,0
Holger Knoche,Holger Knoche,1,2,0.0,0.0,0.0,0.0,0
Cléver R. G. de Farias,Cléver R. G. de Farias,1,1,0.0,0.0,0.0,0.0,21
Wilson Kazuo Mizutani,Wilson Kazuo Mizutani,1,1,0.0,0.0,0.0,0.0,0
Edson Dias,Edson Dias,1,1,0.0,0.0,0.0,0.0,0
Eoin Martino Grua,Eoin Martino Grua,1,1,0.0,0.0,0.0,0.0,0
Aneesh Sambu,Aneesh Sambu,3,3,0.0,0.0,1.0,0.0712467055900569,0
Chengyue Liu,Chengyue Liu,1,1,0.0,0.0,0.0,0.0,0
Marcelo Schmitt Laser,Marcelo Schmitt Laser,1,3,0.0,0.0,0.0,0.0,0
Yoslandy Lazo,Yoslandy Lazo,2,2,0.0,0.0,1.0,0.10627395459846606,0
Javier Berrocal,Javier Berrocal,1,1,0.0,0.0,0.0,0.0,0
Martin Lamprecht,Martin Lamprecht,1,1,0.0,0.0,0.0,0.0,0
Letícia Machado,Letícia Machado,1,2,0.0,0.0,0.0,0.0,0
Oliver Kopp,Oliver Kopp,2,2,0.0,0.0,1.0,0.05555555555555555,0
Anthony Peruma,Anthony Peruma,3,3,0.0,0.0,1.0,0.07068741838578037,0
Giovanni Quattrocchi,Giovanni Quattrocchi,2,3,0.0,0.0,1.0,0.08818894733156663,0
João-Vitor Zacchi,João-Vitor Zacchi,1,1,0.0,0.0,0.0,0.0,0
David Gesvindr,David Gesvindr,1,4,0.0,0.0,0.0,0.0,0
Dominik Fuchss,Dominik Fuchss,1,1,0.0,0.0,0.0,0.0,0
Huang Huang,Huang Huang,1,1,0.0,0.0,0.0,0.0,0
Qiong Feng,Qiong Feng,2,8,0.0,0.0,1.0,0.23428685147270814,0
Denis Boaventura,Denis Boaventura,1,1,0.0,0.0,0.0,0.0,0
Alexandre Lazaretti Zanatta,Alexandre Lazaretti Zanatta,1,1,0.0,0.0,0.0,0.0,0
Manuel Portela,Manuel Portela,1,1,0.0,0.0,0.0,0.0,0
Yuming Zhou,Yuming Zhou,1,2,0.0,0.0,0.0,0.0,0
Li Li 0029,Li Li 0029,1,1,0.0,0.0,0.0,0.0,0
Paulo Meirelles,Paulo Meirelles,1,3,0.0,0.0,0.0,0.0,0
Mohammed Latif Siddiq,Mohammed Latif Siddiq,1,1,0.0,0.0,0.0,0.0,0
Timo Kehrer,Timo Kehrer,1,1,0.0,0.0,0.0,0.0,0
Xiaohong Li 0001,Xiaohong Li 0001,1,1,0.0,0.0,0.0,0.0,0
Yan Zheng 0002,Yan Zheng 0002,1,1,0.0,0.0,0.0,0.0,0
Isabella Ferreira,Isabella Ferreira,1,1,0.0,0.0,0.0,0.0,0
Cesare Pautasso,Cesare Pautasso,1,1,0.0,0.0,0.0,0.0,0
Samuel de Souza Lopes,Samuel de Souza Lopes,3,3,0.0,0.0,1.0,0.06643335281422591,9
Lei Wei 0001,Lei Wei 0001,2,2,0.0,0.0,1.0,0.11556021239177244,0
Jinsong Dong 0001,Jinsong Dong 0001,1,1,0.0,0.0,0.0,0.0,0
Adam P. Burden,Adam P. Burden,1,5,0.0,0.0,0.0,0.0,1
Jingzhi Zhang,Jingzhi Zhang,1,1,0.0,0.0,0.0,0.0,0
Elisabeth André,Elisabeth André,1,1,0.0,0.0,0.0,0.0,0
Lingling Fan 0003,Lingling Fan 0003,2,8,0.0,0.0,1.0,0.2210587337720218,0
Flávio Eduardo Aoki Horita,Flávio Eduardo Aoki Horita,1,1,0.0,0.0,0.0,0.0,0
Maria Casimiro,Maria Casimiro,1,2,0.0,0.0,0.0,0.0,0
Ricardo Britto 0001,Ricardo Britto 0001,1,1,0.0,0.0,0.0,0.0,0
Ilir Murturi,Ilir Murturi,4,4,0.0,0.0,1.0,0.08002761998497146,0
Ushasri Mogadali,Ushasri Mogadali,1,1,0.0,0.0,0.0,0.0,0
Fabiano Freitas,Fabiano Freitas,1,1,0.0,0.0,0.0,0.0,0
Tianlin Li,Tianlin Li,1,3,0.0,0.0,0.0,0.0,0
Jamsheed Memon,Jamsheed Memon,1,1,0.0,0.0,0.0,0.0,0
Arilo Claudio Dias-Neto,Arilo Claudio Dias-Neto,2,3,0.0,0.0,1.0,0.08818894733156663,0
Michael Hitchens,Michael Hitchens,1,1,0.0,0.0,0.0,0.0,0
Mauricio Moreira Neto,Mauricio Moreira Neto,5,5,0.0,0.0,1.0,0.05988757305380345,3
Jonathan Morrone,Jonathan Morrone,1,1,0.0,0.0,0.0,0.0,0
Alexandre Plastino 0001,Alexandre Plastino 0001,1,1,0.0,0.0,0.0,0.0,0
Jérôme Härri,Jérôme Härri,1,1,0.0,0.0,0.0,0.0,0
Lyuye Zhang,Lyuye Zhang,2,5,0.0,0.0,1.0,0.1111111111111111,0
Nariman Mirzaei,Nariman Mirzaei,1,1,0.0,0.0,0.0,0.0,0
Janne Järvinen,Janne Järvinen,1,1,0.0,0.0,0.0,0.0,0
Jacob Juul,Jacob Juul,1,1,0.0,0.0,0.0,0.0,0
Rumyana Neykova,Rumyana Neykova,1,1,0.0,0.0,0.0,0.0,0
André Oliveira,André Oliveira,1,1,0.0,0.0,0.0,0.0,0
Nuno Gonçalves,Nuno Gonçalves,1,1,0.0,0.0,0.0,0.0,0
Per Persson,Per Persson,1,1,0.0,0.0,0.0,0.0,0
Daniel Brahneborg,Daniel Brahneborg,1,1,0.0,0.0,0.0,0.0,7
Rhauani Weber Aita Fazul,Rhauani Weber Aita Fazul,2,2,0.0,0.0,1.0,0.05555555555555555,16
Adiel Tuyishime,Adiel Tuyishime,1,1,0.0,0.0,0.0,0.0,0
Anna Liu,Anna Liu,1,1,0.0,0.0,0.0,0.0,0
Nuno Santos 0003,Nuno Santos 0003,2,3,0.0,0.0,1.0,0.06999561388304851,0
Thomas Bauer 0002,Thomas Bauer 0002,2,4,0.0,0.0,1.0,0.21254790919693212,0
Saad Shafiq,Saad Shafiq,2,3,0.0,0.0,1.0,0.08818894733156663,0
Yves Richard Kirschner,Yves Richard Kirschner,1,3,0.0,0.0,0.0,0.0,0
Alireza Sadeghi,Alireza Sadeghi,3,6,0.0,0.0,1.0,0.1011894553526493,0
Felipe Cordeiro de Paula,Felipe Cordeiro de Paula,1,1,0.0,0.0,0.0,0.0,0
Mauricio Finavaro Aniche,Mauricio Finavaro Aniche,2,2,0.0,0.0,1.0,0.05555555555555555,0
Ahmed Hadj Kacem,Ahmed Hadj Kacem,1,1,0.0,0.0,0.0,0.0,2
Sahar Kallel,Sahar Kallel,1,1,0.0,0.0,0.0,0.0,2
Florian Faßnacht,Florian Faßnacht,2,2,0.0,0.0,1.0,0.13389679245417946,0
Martin Garriga,Martin Garriga,1,1,0.0,0.0,0.0,0.0,0
Jiahui Wu,Jiahui Wu,1,2,0.0,0.0,0.0,0.0,0
Zhi Quan Zhou 0001,Zhi Quan Zhou 0001,1,1,0.0,0.0,0.0,0.0,0
Ali Kazemi Arani,Ali Kazemi Arani,1,1,0.0,0.0,0.0,0.0,0
Luca Pascarella,Luca Pascarella,1,1,0.0,0.0,0.0,0.0,0
Gianna Reggio,Gianna Reggio,4,4,0.0,0.0,1.0,0.0640086220627073,0
Juliana-Davila Rodriguez,Juliana-Davila Rodriguez,2,2,0.0,0.0,1.0,0.10627395459846606,0
Ruzanna Chitchyan,Ruzanna Chitchyan,1,1,0.0,0.0,0.0,0.0,0
Sven Tomforde,Sven Tomforde,1,1,0.0,0.0,0.0,0.0,0
Andreas Morgenstern,Andreas Morgenstern,2,11,0.0,0.0,1.0,0.41604846595658374,0
Abhishek Gautam,Abhishek Gautam,3,3,0.0,0.0,1.0,0.06999561388304851,1
Lucio Mauro Duarte,Lucio Mauro Duarte,1,1,0.0,0.0,0.0,0.0,0
Song Yang 0001,Song Yang 0001,1,1,0.0,0.0,0.0,0.0,0
Petr Kubát,Petr Kubát,1,1,0.0,0.0,0.0,0.0,0
Pedro H. Gaya Wanderley,Pedro H. Gaya Wanderley,1,1,0.0,0.0,0.0,0.0,0
Fu Song,Fu Song,2,2,0.0,0.0,1.0,0.11556021239177244,0
Triet Huynh Minh Le,Triet Huynh Minh Le,1,1,0.0,0.0,0.0,0.0,0
Nguyen Khoi Tran 0001,Nguyen Khoi Tran 0001,8,11,3.124996992187387e-05,0.0,0.25,0.022047236832891653,0
Lukas Märtin,Lukas Märtin,1,2,0.0,0.0,0.0,0.0,0
Romina Kühn,Romina Kühn,1,1,0.0,0.0,0.0,0.0,0
André van der Hoek,André van der Hoek,1,1,0.0,0.0,0.0,0.0,0
Livia Lestingi,Livia Lestingi,1,1,0.0,0.0,0.0,0.0,0
Bjarne Sauer,Bjarne Sauer,1,1,0.0,0.0,0.0,0.0,0
Yuriy Brun,Yuriy Brun,1,4,0.0,0.0,0.0,0.0,0
Yuhang Ye 0004,Yuhang Ye 0004,1,1,0.0,0.0,0.0,0.0,0
Laura González 0001,Laura González 0001,3,4,1.7361094401041039e-06,0.0,0.6666666666666666,0.04666374258869901,13
Matthew Wardrop,Matthew Wardrop,1,1,0.0,0.0,0.0,0.0,0
Felix Schulte-Langforth,Felix Schulte-Langforth,2,2,0.0,0.0,1.0,0.13389679245417946,0
Cristian Orellana,Cristian Orellana,2,4,0.0,0.0,1.0,0.1532735653545067,0
Muhammad Waseem,Muhammad Waseem,1,1,0.0,0.0,0.0,0.0,0
Lars Michael Kristensen,Lars Michael Kristensen,1,1,0.0,0.0,0.0,0.0,0
Carla I. M. Bezerra,Carla I. M. Bezerra,5,5,8.333325312499698e-05,0.0,0.3,0.019123608723930048,3
Carlos A. Varela,Carlos A. Varela,4,11,0.0,0.0,1.0,0.1467570525876993,0
Barbara Russo,Barbara Russo,1,3,0.0,0.0,0.0,0.0,0
Ann Morrison,Ann Morrison,1,1,0.0,0.0,0.0,0.0,0
José S. Costa Filho,José S. Costa Filho,3,3,0.0,0.0,1.0,0.06999561388304851,3
Iftekhar Ahmed 0001,Iftekhar Ahmed 0001,2,3,0.0,0.0,1.0,0.06999561388304851,0
Wei Le,Wei Le,2,2,0.0,0.0,1.0,0.11556021239177244,0
Malte Jacobi,Malte Jacobi,2,2,0.0,0.0,1.0,0.13389679245417946,0
Ferruccio Damiani,Ferruccio Damiani,1,1,0.0,0.0,0.0,0.0,0
Yutian Yan,Yutian Yan,1,1,0.0,0.0,0.0,0.0,0
Flavio Steffens,Flavio Steffens,1,1,0.0,0.0,0.0,0.0,0
Toacy Cavalcante de Oliveira,Toacy Cavalcante de Oliveira,3,3,0.0,0.0,1.0,0.09193672154938372,0
Sergio García 0002,Sergio García 0002,2,5,0.0,0.0,1.0,0.08818894733156663,0
Matthias Jung 0001,Matthias Jung 0001,2,2,0.0,0.0,1.0,0.13389679245417946,0
S. Magnus Ågren,S. Magnus Ågren,1,1,0.0,0.0,0.0,0.0,0
Sebastian Gerdes,Sebastian Gerdes,1,1,0.0,0.0,0.0,0.0,10
Nataniel Parente Nogueira,Nataniel Parente Nogueira,4,4,0.0,0.0,1.0,0.05555555555555556,0
Simone da Silva Amorim,Simone da Silva Amorim,1,5,0.0,0.0,0.0,0.0,0
Victor Hugo L. Lopes,Victor Hugo L. Lopes,4,4,0.0,0.0,1.0,0.08096616771621612,0
Simon Diemert,Simon Diemert,1,1,0.0,0.0,0.0,0.0,5
Alexander Bakhtin,Alexander Bakhtin,1,5,0.0,0.0,0.0,0.0,0
Gabriel Nunes,Gabriel Nunes,1,2,0.0,0.0,0.0,0.0,0
Md Showkat Hossain Chy,Md Showkat Hossain Chy,1,1,0.0,0.0,0.0,0.0,0
Daniel Schneider 0001,Daniel Schneider 0001,3,3,0.0,0.0,1.0,0.09499866370426095,0
Ling Shi 0002,Ling Shi 0002,1,1,0.0,0.0,0.0,0.0,0
Jürgen Walter,Jürgen Walter,1,1,0.0,0.0,0.0,0.0,0
Jacques M. B. Terken,Jacques M. B. Terken,1,1,0.0,0.0,0.0,0.0,0
Jianjun Zhao 0001,Jianjun Zhao 0001,1,1,0.0,0.0,0.0,0.0,0
Can Yang,Can Yang,1,1,0.0,0.0,0.0,0.0,0
Sahil 0005,Sahil 0005,1,1,0.0,0.0,0.0,0.0,0
Edson César Cunha de Oliveira,Edson César Cunha de Oliveira,1,1,0.0,0.0,0.0,0.0,0
Qinghua Zheng,Qinghua Zheng,1,2,0.0,0.0,0.0,0.0,0
Saeed Namdar,Saeed Namdar,1,1,0.0,0.0,0.0,0.0,0
Jun Sun 0001,Jun Sun 0001,1,2,0.0,0.0,0.0,0.0,0
Tingting Yu 0001,Tingting Yu 0001,3,4,0.0,0.0,1.0,0.10883017661249746,0
André Luíz de Oliveira,André Luíz de Oliveira,3,3,0.0,0.0,1.0,0.06643335281422591,9
Anran Li 0001,Anran Li 0001,1,1,0.0,0.0,0.0,0.0,0
Sören Henning,Sören Henning,1,1,0.0,0.0,0.0,0.0,0
Ziyao He,Ziyao He,1,2,0.0,0.0,0.0,0.0,0
Ruoyu Su,Ruoyu Su,1,1,0.0,0.0,0.0,0.0,0
Tianwen Wang,Tianwen Wang,1,1,0.0,0.0,0.0,0.0,0
Jan Bosch,Jan Bosch,1,1,0.0,0.0,0.0,0.0,0
Neil A. Ernst,Neil A. Ernst,1,1,0.0,0.0,0.0,0.0,0
Mehrnoosh Askarpour,Mehrnoosh Askarpour,1,1,0.0,0.0,0.0,0.0,0
Florian Bossert,Florian Bossert,1,1,0.0,0.0,0.0,0.0,0
Dan Kröger,Dan Kröger,4,4,0.0,0.0,1.0,0.05555555555555556,0
Zakarea Alshara,Zakarea Alshara,3,3,0.0,0.0,1.0,0.06999561388304851,2
Taijara Loiola de Santana,Taijara Loiola de Santana,1,1,0.0,0.0,0.0,0.0,0
Dimitri Rusin,Dimitri Rusin,2,2,0.0,0.0,1.0,0.13389679245417946,0
Alexander Witton,Alexander Witton,2,2,0.0,0.0,1.0,0.13389679245417946,0
Enxhi Ferko,Enxhi Ferko,2,5,0.0,0.0,1.0,0.19311259138258052,0
Benoit Huet,Benoit Huet,1,1,0.0,0.0,0.0,0.0,0
Mauro Rebelo,Mauro Rebelo,1,1,0.0,0.0,0.0,0.0,1
Ricardo César Mendonça Filho,Ricardo César Mendonça Filho,1,1,0.0,0.0,0.0,0.0,0
Zhi Jin 0001,Zhi Jin 0001,1,1,0.0,0.0,0.0,0.0,0
Jianmin Guo,Jianmin Guo,2,2,0.0,0.0,1.0,0.11556021239177244,0
Yingan Ge,Yingan Ge,1,1,0.0,0.0,0.0,0.0,0
Dominik Werle,Dominik Werle,1,3,0.0,0.0,0.0,0.0,0
Michal Kit,Michal Kit,2,2,0.0,0.0,1.0,0.1306297048733754,0
Daye Nam,Daye Nam,1,1,0.0,0.0,0.0,0.0,0
Milena Guessi,Milena Guessi,1,1,0.0,0.0,0.0,0.0,0
Runchao Wu,Runchao Wu,1,1,0.0,0.0,0.0,0.0,0
Mirko D'Angelo,Mirko D'Angelo,1,1,0.0,0.0,0.0,0.0,0
Matthew Thornton,Matthew Thornton,1,1,0.0,0.0,0.0,0.0,0
Qing Guo 0005,Qing Guo 0005,1,1,0.0,0.0,0.0,0.0,0
Rich Hilliard,Rich Hilliard,1,1,0.0,0.0,0.0,0.0,0
Jian Wang 0067,Jian Wang 0067,1,1,0.0,0.0,0.0,0.0,0
Kesina Baral,Kesina Baral,1,1,0.0,0.0,0.0,0.0,0
Paulo A. C. Aguilar,Paulo A. C. Aguilar,1,1,0.0,0.0,0.0,0.0,3
Marina Waldén,Marina Waldén,2,2,0.0,0.0,1.0,0.08818894733156663,0
Davi Viana,Davi Viana,1,1,0.0,0.0,0.0,0.0,0
Luana Sousa,Luana Sousa,1,1,0.0,0.0,0.0,0.0,0
Niels Rood,Niels Rood,5,9,0.0,0.0,1.0,0.09755292388538465,0
Lindsay Roney,Lindsay Roney,1,1,0.0,0.0,0.0,0.0,0
Ingo Weber,Ingo Weber,1,1,0.0,0.0,0.0,0.0,0
Rongbiao Chen,Rongbiao Chen,1,1,0.0,0.0,0.0,0.0,0
Marjan Sirjani,Marjan Sirjani,1,1,0.0,0.0,0.0,0.0,0
Philippe Aniorté,Philippe Aniorté,1,1,0.0,0.0,0.0,0.0,0
Di Cui,Di Cui,1,2,0.0,0.0,0.0,0.0,0
Étienne André 0001,Étienne André 0001,1,1,0.0,0.0,0.0,0.0,0
Sanny Schmid,Sanny Schmid,2,4,0.0,0.0,1.0,0.20736173093429155,0
Fernando Figueira Filho,Fernando Figueira Filho,2,5,0.0,0.0,1.0,0.14559674412271648,0
Frank Schnicke,Frank Schnicke,3,9,0.0,0.0,1.0,0.17125888977199488,0
Jonas Fritzsch,Jonas Fritzsch,2,4,0.0,0.0,1.0,0.12719047139481465,0
Rohit Mehra,Rohit Mehra,1,7,0.0,0.0,0.0,0.0,1
Dominik Magin,Dominik Magin,1,2,0.0,0.0,0.0,0.0,8
Franco Raimondi,Franco Raimondi,2,2,0.0,0.0,1.0,0.10627395459846606,0
Ezequiel Castellano,Ezequiel Castellano,1,1,0.0,0.0,0.0,0.0,0
Zongjie Li,Zongjie Li,1,1,0.0,0.0,0.0,0.0,0
Leonardo Silva Rosa,Leonardo Silva Rosa,1,1,0.0,0.0,0.0,0.0,0
Chouki Tibermacine,Chouki Tibermacine,3,4,0.0,0.0,1.0,0.08212450284872726,2
Katy Tarrit,Katy Tarrit,2,2,0.0,0.0,1.0,0.10095114404622998,0
Jing Sun 0002,Jing Sun 0002,3,8,0.0,0.0,1.0,0.11725144205870804,11
Xiaofang Zhang,Xiaofang Zhang,1,1,0.0,0.0,0.0,0.0,0
Mengzhe Yuan,Mengzhe Yuan,1,1,0.0,0.0,0.0,0.0,0
Thomas Weber 0006,Thomas Weber 0006,1,2,0.0,0.0,0.0,0.0,0
Nicholas Cummins,Nicholas Cummins,1,1,0.0,0.0,0.0,0.0,0
Ion Barosan,Ion Barosan,1,1,0.0,0.0,0.0,0.0,0
Diego Cedrim,Diego Cedrim,1,1,0.0,0.0,0.0,0.0,0
Ciera Jaspan,Ciera Jaspan,1,1,0.0,0.0,0.0,0.0,0
Gholamreza Safi,Gholamreza Safi,1,1,0.0,0.0,0.0,0.0,0
Dejan Nickovic,Dejan Nickovic,1,1,0.0,0.0,0.0,0.0,0
Jian Zhang 0087,Jian Zhang 0087,2,7,0.0,0.0,1.0,0.12719047139481465,0
Clemens A. Szyperski,Clemens A. Szyperski,1,1,0.0,0.0,0.0,0.0,0
Wenhe Li,Wenhe Li,1,1,0.0,0.0,0.0,0.0,0
Lida Zhao,Lida Zhao,1,2,0.0,0.0,0.0,0.0,0
Michal Töpfer,Michal Töpfer,1,1,0.0,0.0,0.0,0.0,0
Ananya Vishal Halgatti,Ananya Vishal Halgatti,1,1,0.0,0.0,0.0,0.0,0
Xin Zhou 0016,Xin Zhou 0016,1,2,0.0,0.0,0.0,0.0,0
Ryan Mercadante,Ryan Mercadante,1,1,0.0,0.0,0.0,0.0,0
Zhengjie Du,Zhengjie Du,1,1,0.0,0.0,0.0,0.0,0
Martin Becker 0002,Martin Becker 0002,2,2,0.0,0.0,1.0,0.13389679245417946,0
Chenghao Li,Chenghao Li,1,1,0.0,0.0,0.0,0.0,0
Rambhau Eknath Rote,Rambhau Eknath Rote,3,3,0.0,0.0,1.0,0.06999561388304851,1
Matteo Camilli,Matteo Camilli,1,2,0.0,0.0,0.0,0.0,0
Daniel Soares Santos,Daniel Soares Santos,1,2,0.0,0.0,0.0,0.0,0
Albin Alm Johansson,Albin Alm Johansson,1,1,0.0,0.0,0.0,0.0,0
Hiya Bhatt,Hiya Bhatt,1,3,0.0,0.0,0.0,0.0,0
Parv Kapoor,Parv Kapoor,1,1,0.0,0.0,0.0,0.0,0
George Pinto 0001,George Pinto 0001,1,1,0.0,0.0,0.0,0.0,0
Volodymyr Fedak,Volodymyr Fedak,2,2,0.0,0.0,1.0,0.09499866370426094,0
Diogo Eliseu Paulo,Diogo Eliseu Paulo,3,3,0.0,0.0,1.0,0.06374536241310015,3
Raphaël Troncy,Raphaël Troncy,1,1,0.0,0.0,0.0,0.0,0
Paolo Romano 0002,Paolo Romano 0002,1,2,0.0,0.0,0.0,0.0,0
Guzmán Llambías,Guzmán Llambías,2,2,0.0,0.0,1.0,0.06999561388304851,13
Sebastian Weber 0001,Sebastian Weber 0001,1,1,0.0,0.0,0.0,0.0,0
Luiz Henrique Mosmann,Luiz Henrique Mosmann,2,4,0.0,0.0,1.0,0.12719047139481465,0
Adrian Hernandez-Mendez,Adrian Hernandez-Mendez,2,2,0.0,0.0,1.0,0.11556021239177244,4
Luiz Fernando Corte Real,Luiz Fernando Corte Real,2,2,0.0,0.0,1.0,0.06999561388304851,0
Willian Nalepa Oizumi,Willian Nalepa Oizumi,1,2,0.0,0.0,0.0,0.0,0
Eduardo Aranha,Eduardo Aranha,1,2,0.0,0.0,0.0,0.0,0
Nilton Flávio S. Seixas,Nilton Flávio S. Seixas,1,1,0.0,0.0,0.0,0.0,0
Tobias Dürschmid,Tobias Dürschmid,1,4,0.0,0.0,0.0,0.0,0
Adam Hujecek,Adam Hujecek,2,2,0.0,0.0,1.0,0.1306297048733754,0
Awais Rashid,Awais Rashid,1,1,0.0,0.0,0.0,0.0,0
Imed Hammouda,Imed Hammouda,1,1,0.0,0.0,0.0,0.0,0
Rahul Biju,Rahul Biju,1,1,0.0,0.0,0.0,0.0,0
Matheus Lima Chagas,Matheus Lima Chagas,1,2,0.0,0.0,0.0,0.0,0
Gilberto Pedraza-Garcia,Gilberto Pedraza-Garcia,2,4,0.0,0.0,1.0,0.10095114404622998,0
Lei Ma 0003,Lei Ma 0003,1,3,0.0,0.0,0.0,0.0,0
Marko Leppänen,Marko Leppänen,1,1,0.0,0.0,0.0,0.0,0
Marco De Toma,Marco De Toma,2,2,0.0,0.0,1.0,0.10627395459846606,0
Tuomas Granlund,Tuomas Granlund,2,2,0.0,0.0,1.0,0.06999561388304851,0
Maria Teresa Rossi,Maria Teresa Rossi,1,1,0.0,0.0,0.0,0.0,0
Laura Nenzi,Laura Nenzi,1,2,0.0,0.0,0.0,0.0,0
Leonardo Simas Duarte,Leonardo Simas Duarte,1,1,0.0,0.0,0.0,0.0,0
Guozhu Meng,Guozhu Meng,1,4,0.0,0.0,0.0,0.0,0
Yaping Luo,Yaping Luo,1,2,0.0,0.0,0.0,0.0,0
Kailong Wang 0001,Kailong Wang 0001,1,1,0.0,0.0,0.0,0.0,0
Zack Coker,Zack Coker,1,2,0.0,0.0,0.0,0.0,0
Renato Cordeiro Ferreira,Renato Cordeiro Ferreira,2,3,0.0,0.0,1.0,0.08818894733156663,0
Zakwan Jaroucheh,Zakwan Jaroucheh,2,2,0.0,0.0,1.0,0.05555555555555555,15
Faheem Ullah,Faheem Ullah,1,2,0.0,0.0,0.0,0.0,0
Weicai Liu,Weicai Liu,1,1,0.0,0.0,0.0,0.0,0
Forough Mehralian,Forough Mehralian,1,1,0.0,0.0,0.0,0.0,0
Danilo Silva 0002,Danilo Silva 0002,1,1,0.0,0.0,0.0,0.0,6
Samuel Kounev,Samuel Kounev,1,2,0.0,0.0,0.0,0.0,0
Zai Müller-Zhang 0001,Zai Müller-Zhang 0001,1,1,0.0,0.0,0.0,0.0,0
Yanjie Zhao 0001,Yanjie Zhao 0001,1,1,0.0,0.0,0.0,0.0,0
Sen Yang 0018,Sen Yang 0018,1,1,0.0,0.0,0.0,0.0,0
Ruofan Zhu,Ruofan Zhu,1,1,0.0,0.0,0.0,0.0,0
Matteo Maria Fiore,Matteo Maria Fiore,1,1,0.0,0.0,0.0,0.0,0
Simos Gerasimou,Simos Gerasimou,1,1,0.0,0.0,0.0,0.0,0
Oleksandra Klymenko,Oleksandra Klymenko,5,5,0.0,0.0,1.0,0.10803407534920913,4
Shangqing Liu,Shangqing Liu,2,3,0.0,0.0,1.0,0.14559674412271648,0
Michael Hassel,Michael Hassel,5,5,0.0,0.0,1.0,0.10803407534920913,4
Noman Ahmad,Noman Ahmad,1,2,0.0,0.0,0.0,0.0,0
Surya Nepal,Surya Nepal,1,1,0.0,0.0,0.0,0.0,0
Bozhi Wu,Bozhi Wu,1,1,0.0,0.0,0.0,0.0,0
Yu Qu,Yu Qu,1,1,0.0,0.0,0.0,0.0,0
Roykrong Sukkerd,Roykrong Sukkerd,2,3,0.0,0.0,1.0,0.16024995225637872,0
Xinyi Zhou,Xinyi Zhou,1,1,0.0,0.0,0.0,0.0,0
Marcelo Fernandes 0002,Marcelo Fernandes 0002,1,2,0.0,0.0,0.0,0.0,0
Wenhan Wang,Wenhan Wang,1,1,0.0,0.0,0.0,0.0,0
Mario Trapp,Mario Trapp,1,1,0.0,0.0,0.0,0.0,0
Hongxu Chen 0001,Hongxu Chen 0001,1,3,0.0,0.0,0.0,0.0,0
Amitabh Saxena,Amitabh Saxena,1,1,0.0,0.0,0.0,0.0,1
Andriy Shapochka,Andriy Shapochka,2,2,0.0,0.0,1.0,0.09499866370426094,0
Vikrant Kaulgud,Vikrant Kaulgud,1,14,0.0,0.0,0.0,0.0,1
Jacopo Aliprandi,Jacopo Aliprandi,1,1,0.0,0.0,0.0,0.0,0
Anjum Nazir,Anjum Nazir,1,1,0.0,0.0,0.0,0.0,0
Zichen Zhao,Zichen Zhao,1,1,0.0,0.0,0.0,0.0,0
Bruno B. P. Cafeo,Bruno B. P. Cafeo,1,1,0.0,0.0,0.0,0.0,0
Stephan Lenga,Stephan Lenga,4,4,0.0,0.0,1.0,0.05555555555555556,0
Luciana Lourdes Silva,Luciana Lourdes Silva,1,1,0.0,0.0,0.0,0.0,6
Michele Marchesi,Michele Marchesi,1,1,0.0,0.0,0.0,0.0,0
Luana Almeida Martins,Luana Almeida Martins,1,1,0.0,0.0,0.0,0.0,0
Jean-Guy Schneider,Jean-Guy Schneider,1,1,0.0,0.0,0.0,0.0,0
Francis Chew,Francis Chew,1,1,0.0,0.0,0.0,0.0,0
Arianne Meijer-van de Griend,Arianne Meijer-van de Griend,1,1,0.0,0.0,0.0,0.0,0
Gabriele Belli,Gabriele Belli,1,1,0.0,0.0,0.0,0.0,0
Colin McFarland,Colin McFarland,1,1,0.0,0.0,0.0,0.0,0
Awdren L. Fontão,Awdren L. Fontão,2,4,0.0,0.0,1.0,0.10095114404622998,0
Matthias Galster,Matthias Galster,3,6,0.0,0.0,1.0,0.10133148504783362,0
George Edwards,George Edwards,1,1,0.0,0.0,0.0,0.0,0
Yebo Feng,Yebo Feng,2,2,0.0,0.0,1.0,0.06999561388304851,0
Wei Wang 0033,Wei Wang 0033,1,1,0.0,0.0,0.0,0.0,0
Aishan Liu,Aishan Liu,1,1,0.0,0.0,0.0,0.0,0
Diogo Faustino,Diogo Faustino,1,1,0.0,0.0,0.0,0.0,0
Clément Quinton,Clément Quinton,1,2,0.0,0.0,0.0,0.0,0
Felipe Pinto,Felipe Pinto,4,4,0.0,0.0,1.0,0.05555555555555556,0
Anderson G. Uchôa,Anderson G. Uchôa,1,4,0.0,0.0,0.0,0.0,0
J. Andres Diaz-Pace,J. Andres Diaz-Pace,1,4,0.0,0.0,0.0,0.0,0
Susheng Wu,Susheng Wu,2,2,0.0,0.0,1.0,0.06999561388304851,0
Matthias Traub,Matthias Traub,1,1,0.0,0.0,0.0,0.0,0
Marwan Zeggari,Marwan Zeggari,1,1,0.0,0.0,0.0,0.0,0
Seth Leslie,Seth Leslie,2,2,0.0,0.0,1.0,0.08818894733156663,0
Bruno Rossi 0001,Bruno Rossi 0001,2,2,0.0,0.0,1.0,0.08012497612818936,0
José García-Alonso,José García-Alonso,1,1,0.0,0.0,0.0,0.0,0
Filip Krijt,Filip Krijt,2,3,0.0,0.0,1.0,0.16458311491152056,0
Maolin Sun,Maolin Sun,1,1,0.0,0.0,0.0,0.0,0
Sumit Kalra,Sumit Kalra,2,3,3.4722188802082078e-06,0.0,0.0,0.0,17
Raúl Ruggia,Raúl Ruggia,3,4,1.7361094401041039e-06,0.0,0.6666666666666666,0.04666374258869901,13
Fábio Basso,Fábio Basso,3,3,0.0,0.0,1.0,0.09193672154938372,0
Fuyuki Ishikawa,Fuyuki Ishikawa,1,1,0.0,0.0,0.0,0.0,0
Rômulo Meira-Góes,Rômulo Meira-Góes,1,2,0.0,0.0,0.0,0.0,0
Yuqiang Sun 0001,Yuqiang Sun 0001,1,2,0.0,0.0,0.0,0.0,0
Yanhui Li,Yanhui Li,1,1,0.0,0.0,0.0,0.0,0
Marten Range,Marten Range,1,1,0.0,0.0,0.0,0.0,0
Sebastian Götz,Sebastian Götz,2,2,0.0,0.0,1.0,0.05555555555555555,0
Maria Gabriela Morais,Maria Gabriela Morais,1,1,0.0,0.0,0.0,0.0,0
Yulei Sui,Yulei Sui,1,1,0.0,0.0,0.0,0.0,0
Natália Aragão,Natália Aragão,1,1,0.0,0.0,0.0,0.0,0
Gian Luca Scoccia,Gian Luca Scoccia,1,1,0.0,0.0,0.0,0.0,0
Luis Florez,Luis Florez,1,1,0.0,0.0,0.0,0.0,0
Sunny Wong 0001,Sunny Wong 0001,2,2,0.0,0.0,1.0,0.10095114404622998,0
Kairan Sun,Kairan Sun,1,1,0.0,0.0,0.0,0.0,0
Matthias Riebisch,Matthias Riebisch,1,2,0.0,0.0,0.0,0.0,10
Gerardo Schneider,Gerardo Schneider,1,1,0.0,0.0,0.0,0.0,0
Rafael Prikladnicki,Rafael Prikladnicki,1,1,0.0,0.0,0.0,0.0,0
Niko Mäkitalo,Niko Mäkitalo,1,2,0.0,0.0,0.0,0.0,0
Paulo Barbosa,Paulo Barbosa,1,1,0.0,0.0,0.0,0.0,0
Carlos José Pereira de Lucena,Carlos José Pereira de Lucena,1,2,0.0,0.0,0.0,0.0,0
Henri Terho,Henri Terho,1,1,0.0,0.0,0.0,0.0,0
Guido Steinacker,Guido Steinacker,1,1,0.0,0.0,0.0,0.0,0
Li Li 0091,Li Li 0091,1,1,0.0,0.0,0.0,0.0,0
Zhenpeng Chen 0001,Zhenpeng Chen 0001,1,3,0.0,0.0,0.0,0.0,0
Ian Dardik,Ian Dardik,1,1,0.0,0.0,0.0,0.0,0
Imad Berrouyne,Imad Berrouyne,1,1,0.0,0.0,0.0,0.0,0
Priyanshi Gupta,Priyanshi Gupta,1,1,0.0,0.0,0.0,0.0,0
Chris Carlson,Chris Carlson,1,1,0.0,0.0,0.0,0.0,0
José Neuman de Souza,José Neuman de Souza,5,5,0.0,0.0,1.0,0.05988757305380343,3
Jan-Philipp Töberg,Jan-Philipp Töberg,1,2,0.0,0.0,0.0,0.0,0
Thibaud Lutellier,Thibaud Lutellier,1,1,0.0,0.0,0.0,0.0,0
Mehrdad Saadatmand,Mehrdad Saadatmand,1,1,0.0,0.0,0.0,0.0,7
Zhenjiang Hu 0002,Zhenjiang Hu 0002,1,1,0.0,0.0,0.0,0.0,0
Ondrej Gasior,Ondrej Gasior,1,2,0.0,0.0,0.0,0.0,0
Peter Enbrecht,Peter Enbrecht,1,1,0.0,0.0,0.0,0.0,0
Bruno A. Bonifácio,Bruno A. Bonifácio,1,1,0.0,0.0,0.0,0.0,0
Lucas Vieira Alves,Lucas Vieira Alves,1,1,0.0,0.0,0.0,0.0,0
Michael Goedicke,Michael Goedicke,1,1,0.0,0.0,0.0,0.0,0
Baowen Xu,Baowen Xu,5,7,0.0,0.0,1.0,0.10208259581601128,0
Noor Hasrina Bakar,Noor Hasrina Bakar,3,3,0.0,0.0,1.0,0.09193672154938372,0
Changjian Zhang,Changjian Zhang,1,2,0.0,0.0,0.0,0.0,0
Baoxu Liu,Baoxu Liu,1,1,0.0,0.0,0.0,0.0,0
Rômulo Gadelha,Rômulo Gadelha,2,2,0.0,0.0,1.0,0.05555555555555555,0
Luís Cristovão M. S. Pôrto,Luís Cristovão M. S. Pôrto,2,2,0.0,0.0,1.0,0.05555555555555555,14
Ralf H. Reussner,Ralf H. Reussner,1,6,0.0,0.0,0.0,0.0,0
Wei Tang,Wei Tang,1,1,0.0,0.0,0.0,0.0,0
Claire Le Goues,Claire Le Goues,1,5,0.0,0.0,0.0,0.0,0
Y. Raghu Reddy,Y. Raghu Reddy,2,2,0.0,0.0,1.0,0.05555555555555555,0
Jason Mashinchi,Jason Mashinchi,1,1,0.0,0.0,0.0,0.0,0
Ibrahim Mujhid,Ibrahim Mujhid,6,6,0.0,0.0,1.0,0.07105056299606058,0
Petr Tuma 0001,Petr Tuma 0001,2,4,0.0,0.0,1.0,0.20736173093429155,0
Ernst Pisch,Ernst Pisch,1,1,0.0,0.0,0.0,0.0,0
Paulo Gabriel Teixeira,Paulo Gabriel Teixeira,7,10,0.0,0.0,0.8571428571428571,0.06964898629608401,0
Raghuram Gopalakrishnan,Raghuram Gopalakrishnan,1,1,0.0,0.0,0.0,0.0,0
Anders Thorsén,Anders Thorsén,1,1,0.0,0.0,0.0,0.0,0
Yu Jiang 0001,Yu Jiang 0001,4,4,0.0,0.0,1.0,0.09487785762737815,0
Hong-Mei Chen,Hong-Mei Chen,1,1,0.0,0.0,0.0,0.0,0
Matheus de L. Calache,Matheus de L. Calache,1,1,0.0,0.0,0.0,0.0,21
Massimo Valla,Massimo Valla,1,1,0.0,0.0,0.0,0.0,0
Asaf Adi,Asaf Adi,1,1,0.0,0.0,0.0,0.0,0
Maik Wojcieszak,Maik Wojcieszak,1,1,0.0,0.0,0.0,0.0,0
Tiago Volpato,Tiago Volpato,1,1,0.0,0.0,0.0,0.0,0
Sebastián Vergara,Sebastián Vergara,2,2,0.0,0.0,1.0,0.06999561388304851,13
Amr S. Abdelfattah,Amr S. Abdelfattah,1,1,0.0,0.0,0.0,0.0,0
Jin Song Dong 0001,Jin Song Dong 0001,1,1,0.0,0.0,0.0,0.0,0
Andrew Truelove,Andrew Truelove,1,2,0.0,0.0,0.0,0.0,0
Yaqin Zhou,Yaqin Zhou,2,2,0.0,0.0,1.0,0.11556021239177244,0
Vadim Cebotari,Vadim Cebotari,1,1,0.0,0.0,0.0,0.0,0
Benno Kallweit,Benno Kallweit,2,8,0.0,0.0,1.0,0.3373987746528514,0
Jussi Nupponen,Jussi Nupponen,1,1,0.0,0.0,0.0,0.0,0
Rodrigo Bonifácio,Rodrigo Bonifácio,1,1,0.0,0.0,0.0,0.0,0
Jun Wang 0151,Jun Wang 0151,1,1,0.0,0.0,0.0,0.0,0
Ruiyuan Wan,Ruiyuan Wan,1,1,0.0,0.0,0.0,0.0,0
Martin Krulis,Martin Krulis,1,1,0.0,0.0,0.0,0.0,0
Tarang Saluja,Tarang Saluja,1,1,0.0,0.0,0.0,0.0,0
Hind Bangui,Hind Bangui,1,1,0.0,0.0,0.0,0.0,0
Wensheng Wu,Wensheng Wu,1,1,0.0,0.0,0.0,0.0,0
Anderson Tavares Queiroz Afonso,Anderson Tavares Queiroz Afonso,2,2,0.0,0.0,1.0,0.05555555555555555,0
Carlos Eduardo de Barros Paes,Carlos Eduardo de Barros Paes,1,1,0.0,0.0,0.0,0.0,0
Cody Kinneer,Cody Kinneer,1,2,0.0,0.0,0.0,0.0,0
Ipek Ozkaya,Ipek Ozkaya,1,1,0.0,0.0,0.0,0.0,0
Roberta Capuano,Roberta Capuano,1,3,0.0,0.0,0.0,0.0,0
Khoi Pham,Khoi Pham,6,6,0.0,0.0,1.0,0.07105056299606058,0
Álvaro José Abreu de Oliveira,Álvaro José Abreu de Oliveira,2,2,0.0,0.0,1.0,0.05555555555555555,0
Yang Feng 0003,Yang Feng 0003,1,1,0.0,0.0,0.0,0.0,0
Harald Altinger,Harald Altinger,2,3,0.0,0.0,1.0,0.1111111111111111,0
Sophie Corallo,Sophie Corallo,2,5,0.0,0.0,1.0,0.13999122776609702,0
Aakash Ahmad,Aakash Ahmad,1,1,0.0,0.0,0.0,0.0,0
Danilo Monteiro Ribeiro,Danilo Monteiro Ribeiro,1,1,0.0,0.0,0.0,0.0,0
Sam Guinea,Sam Guinea,1,1,0.0,0.0,0.0,0.0,0
Thomas Reschenhofer,Thomas Reschenhofer,2,2,0.0,0.0,1.0,0.11556021239177244,4
Bassam Adnan,Bassam Adnan,3,3,0.0,0.0,1.0,0.0712467055900569,0
Tiago Januario,Tiago Januario,1,1,0.0,0.0,0.0,0.0,0
Roger Chen,Roger Chen,1,1,0.0,0.0,0.0,0.0,0
Telmo Lopes,Telmo Lopes,1,1,0.0,0.0,0.0,0.0,0
Martina Rapp,Martina Rapp,1,1,0.0,0.0,0.0,0.0,0
Anas Shatnawi,Anas Shatnawi,4,5,0.0,0.0,1.0,0.07427892783147659,2
Sergio Quijano,Sergio Quijano,1,1,0.0,0.0,0.0,0.0,0
Neville Dubash,Neville Dubash,1,1,0.0,0.0,0.0,0.0,1
Mahmood al-Doori,Mahmood al-Doori,1,2,0.0,0.0,0.0,0.0,0
Jianye Hao,Jianye Hao,1,1,0.0,0.0,0.0,0.0,0
Patrick Pschorn,Patrick Pschorn,2,2,0.0,0.0,1.0,0.13389679245417946,0
Elina Kettunen,Elina Kettunen,1,1,0.0,0.0,0.0,0.0,0
Xuelian Cao,Xuelian Cao,4,4,0.0,0.0,1.0,0.05555555555555556,0
Xiaofei Xie,Xiaofei Xie,2,7,0.0,0.0,1.0,0.20998684164914555,0
Jari-Pekka Voutilainen,Jari-Pekka Voutilainen,1,1,0.0,0.0,0.0,0.0,0
Rostyslav Zabolotnyi,Rostyslav Zabolotnyi,1,1,0.0,0.0,0.0,0.0,0
Genaína Nunes Rodrigues,Genaína Nunes Rodrigues,1,3,0.0,0.0,0.0,0.0,0
Ivette Ramirez,Ivette Ramirez,1,1,0.0,0.0,0.0,0.0,20
Matteo Esposito 0001,Matteo Esposito 0001,1,3,0.0,0.0,0.0,0.0,0
Nebojsa Tausan,Nebojsa Tausan,3,3,0.0,0.0,1.0,0.09648718854476453,0
Claudio Menghi,Claudio Menghi,2,9,0.0,0.0,1.0,0.1111111111111111,0
Zhendong Su 0001,Zhendong Su 0001,1,1,0.0,0.0,0.0,0.0,0
Julian Thorpe,Julian Thorpe,2,2,0.0,0.0,1.0,0.08818894733156663,0
Isabella Vicente,Isabella Vicente,1,1,0.0,0.0,0.0,0.0,0
Linzhang Wang,Linzhang Wang,1,1,0.0,0.0,0.0,0.0,0
Wei Ma 0014,Wei Ma 0014,1,3,0.0,0.0,0.0,0.0,0
René Noël,René Noël,1,1,0.0,0.0,0.0,0.0,0
Jerffeson Teixeira de Souza,Jerffeson Teixeira de Souza,4,4,0.0,0.0,1.0,0.05555555555555556,0
Wolfgang Hopfensitz,Wolfgang Hopfensitz,1,1,0.0,0.0,0.0,0.0,0
Lin Chen 0015,Lin Chen 0015,5,7,0.0,0.0,1.0,0.09730717219491888,0
Alberto Sillitti,Alberto Sillitti,1,1,0.0,0.0,0.0,0.0,0
Yguaratã Cerqueira Cavalcanti,Yguaratã Cerqueira Cavalcanti,1,1,0.0,0.0,0.0,0.0,0
Jiacheng Wang,Jiacheng Wang,1,1,0.0,0.0,0.0,0.0,0
Jaakko Salonen,Jaakko Salonen,1,1,0.0,0.0,0.0,0.0,0
Deepak Gangadharan,Deepak Gangadharan,1,3,0.0,0.0,0.0,0.0,0
Adlen Ksentini,Adlen Ksentini,1,1,0.0,0.0,0.0,0.0,0
Yu Zhao 0010,Yu Zhao 0010,1,1,0.0,0.0,0.0,0.0,0
Samantha Perry,Samantha Perry,1,1,0.0,0.0,0.0,0.0,0
Marcelo Finger,Marcelo Finger,1,1,0.0,0.0,0.0,0.0,0
Snigdha Singh,Snigdha Singh,2,4,0.0,0.0,1.0,0.12719047139481465,0
Ondrej Stumpf,Ondrej Stumpf,1,1,0.0,0.0,0.0,0.0,0
Junming Cao,Junming Cao,1,1,0.0,0.0,0.0,0.0,0
Niklas D. Kuder,Niklas D. Kuder,1,1,0.0,0.0,0.0,0.0,0
Gerhard Wirrer,Gerhard Wirrer,1,1,0.0,0.0,0.0,0.0,0
Yi Liu 0069,Yi Liu 0069,1,3,0.0,0.0,0.0,0.0,0
Brauner R. N. Oliveira,Brauner R. N. Oliveira,1,1,0.0,0.0,0.0,0.0,0
Flávio E. A. Horita,Flávio E. A. Horita,3,3,0.0,0.0,1.0,0.05555555555555555,12
Lincoln S. Rocha,Lincoln S. Rocha,2,3,0.0,0.0,1.0,0.06999561388304851,0
Jan Pacovsky,Jan Pacovsky,2,3,0.0,0.0,1.0,0.16458311491152056,0
Dorothea Wagner,Dorothea Wagner,1,1,0.0,0.0,0.0,0.0,0
Filippo Ricca,Filippo Ricca,1,2,0.0,0.0,0.0,0.0,0
Sara Hashemi,Sara Hashemi,1,1,0.0,0.0,0.0,0.0,0
Muhammad Waseem Anwar,Muhammad Waseem Anwar,1,1,0.0,0.0,0.0,0.0,0
Jens H. Weber,Jens H. Weber,8,9,2.4305532161457453e-05,0.0,0.0,0.0,5
Khaled Alnawasreh,Khaled Alnawasreh,1,1,0.0,0.0,0.0,0.0,0
Dario Archetti,Dario Archetti,1,1,0.0,0.0,0.0,0.0,0
David Lo 0001,David Lo 0001,1,1,0.0,0.0,0.0,0.0,0
Majed Ayyad,Majed Ayyad,2,2,0.0,0.0,1.0,0.10627395459846606,0
Vincenzo Ferme,Vincenzo Ferme,1,1,0.0,0.0,0.0,0.0,0
Moris Behnam,Moris Behnam,2,5,0.0,0.0,1.0,0.19311259138258052,0
Rómulo Gadelha de Moura Lima,Rómulo Gadelha de Moura Lima,1,1,0.0,0.0,0.0,0.0,0
Mathieu Humblet,Mathieu Humblet,1,1,0.0,0.0,0.0,0.0,5
Jóakim von Kistowski,Jóakim von Kistowski,1,1,0.0,0.0,0.0,0.0,0
Henning Groenda,Henning Groenda,1,1,0.0,0.0,0.0,0.0,0
Junhui Zhang,Junhui Zhang,1,1,0.0,0.0,0.0,0.0,0
Filipe Figueiredo Correia,Filipe Figueiredo Correia,2,4,0.0,0.0,1.0,0.12719047139481465,0
Tobias Mao,Tobias Mao,1,1,0.0,0.0,0.0,0.0,0
Varun Kumar,Varun Kumar,1,1,0.0,0.0,0.0,0.0,0
Thomas Richter,Thomas Richter,1,1,0.0,0.0,0.0,0.0,0
Francisco Ponce 0001,Francisco Ponce 0001,1,3,0.0,0.0,0.0,0.0,0
Lucas Quaresma Medina Lam,Lucas Quaresma Medina Lam,1,1,0.0,0.0,0.0,0.0,0
Fazli Faruk Okumus,Fazli Faruk Okumus,1,1,0.0,0.0,0.0,0.0,0
Selma Suloglu,Selma Suloglu,2,4,0.0,0.0,1.0,0.16024995225637872,0
Devin Chollak,Devin Chollak,1,1,0.0,0.0,0.0,0.0,0
Lars König,Lars König,1,1,0.0,0.0,0.0,0.0,0
Marco Autili,Marco Autili,1,1,0.0,0.0,0.0,0.0,0
Zhensu Sun,Zhensu Sun,1,1,0.0,0.0,0.0,0.0,0
Susanne Braun,Susanne Braun,6,9,1.736109440104104e-05,0.0,0.0,0.0,8
Shang-Wei Lin 0001,Shang-Wei Lin 0001,1,1,0.0,0.0,0.0,0.0,0
Denivan Campos,Denivan Campos,1,1,0.0,0.0,0.0,0.0,0
Bruno Barbieri Pontes Cafeo,Bruno Barbieri Pontes Cafeo,1,1,0.0,0.0,0.0,0.0,0
Alessandro Attanasi,Alessandro Attanasi,2,2,0.0,0.0,1.0,0.1306297048733754,0
Timur Saglam,Timur Saglam,1,2,0.0,0.0,0.0,0.0,0
Xinyi Xu,Xinyi Xu,2,2,0.0,0.0,1.0,0.10095114404622998,0
Federico Ciccozzi,Federico Ciccozzi,2,2,0.0,0.0,1.0,0.10627395459846606,0
David Hettler,David Hettler,1,1,0.0,0.0,0.0,0.0,0
Anita Imani,Anita Imani,1,1,0.0,0.0,0.0,0.0,0
Chunyang Chen 0001,Chunyang Chen 0001,1,2,0.0,0.0,0.0,0.0,0
Marta Olszewska,Marta Olszewska,2,2,0.0,0.0,1.0,0.08818894733156663,0
Ricardo Hideki Hangai Kojo,Ricardo Hideki Hangai Kojo,2,2,0.0,0.0,1.0,0.06999561388304851,0
Guenther Ruhe,Guenther Ruhe,1,1,0.0,0.0,0.0,0.0,0
Dang Vinh Tran,Dang Vinh Tran,1,1,0.0,0.0,0.0,0.0,5
Jörg Conradt,Jörg Conradt,1,1,0.0,0.0,0.0,0.0,0
Mohamad Fazelnia,Mohamad Fazelnia,1,1,0.0,0.0,0.0,0.0,0
Mattias Galnander,Mattias Galnander,3,5,0.0,0.0,1.0,0.1011894553526493,0
Onur C. Çakmak,Onur C. Çakmak,1,1,0.0,0.0,0.0,0.0,0
Flávio Moreira de Oliveira,Flávio Moreira de Oliveira,1,1,0.0,0.0,0.0,0.0,0
Ian Gorton,Ian Gorton,1,1,0.0,0.0,0.0,0.0,0
Yunbo Lyu,Yunbo Lyu,1,1,0.0,0.0,0.0,0.0,0
Leonardo Silva Vianna,Leonardo Silva Vianna,1,1,0.0,0.0,0.0,0.0,18
María-Del-Pilar Villamil,María-Del-Pilar Villamil,4,4,0.0,0.0,1.0,0.08930584569674589,0
Joselito Mota Jr.,Joselito Mota Jr.,1,1,0.0,0.0,0.0,0.0,0
Kari Systä,Kari Systä,1,2,0.0,0.0,0.0,0.0,0
Adam Bachorek,Adam Bachorek,2,6,0.0,0.0,1.0,0.27851655194247693,0
Hongzhou Fang,Hongzhou Fang,1,4,0.0,0.0,0.0,0.0,0
Xiangyu Zhang 0001,Xiangyu Zhang 0001,1,1,0.0,0.0,0.0,0.0,0
Jacinto Ramirez Lahti,Jacinto Ramirez Lahti,1,1,0.0,0.0,0.0,0.0,0
Scott Uk-Jin Lee,Scott Uk-Jin Lee,3,3,0.0,0.0,1.0,0.08281296652931512,11
Maryam Razavian,Maryam Razavian,1,1,0.0,0.0,0.0,0.0,0
Pascal Rübel,Pascal Rübel,2,2,0.0,0.0,1.0,0.13389679245417946,0
Lucas Agnez,Lucas Agnez,1,1,0.0,0.0,0.0,0.0,0
Victor Prokhorenko,Victor Prokhorenko,1,1,0.0,0.0,0.0,0.0,0
Janardan Misra,Janardan Misra,1,2,0.0,0.0,0.0,0.0,1
Negar Ghorbani,Negar Ghorbani,1,2,0.0,0.0,0.0,0.0,0
Gelei Deng,Gelei Deng,1,2,0.0,0.0,0.0,0.0,0
Stéphanie Challita,Stéphanie Challita,2,2,0.0,0.0,1.0,0.05555555555555555,0
Amel Bennaceur,Amel Bennaceur,1,1,0.0,0.0,0.0,0.0,0
Anton Jansen,Anton Jansen,2,2,0.0,0.0,1.0,0.05555555555555555,0
Sina Shafaei,Sina Shafaei,2,2,0.0,0.0,1.0,0.08012497612818936,0
Guido Loupias,Guido Loupias,1,1,0.0,0.0,0.0,0.0,0
Ting Zhou,Ting Zhou,1,1,0.0,0.0,0.0,0.0,0
Wenqi Suo,Wenqi Suo,1,1,0.0,0.0,0.0,0.0,0
Marialuisa Sanseverino,Marialuisa Sanseverino,1,1,0.0,0.0,0.0,0.0,0
Deqing Zou,Deqing Zou,1,1,0.0,0.0,0.0,0.0,0
Nico Peter,Nico Peter,1,1,0.0,0.0,0.0,0.0,0
Chadni Islam,Chadni Islam,1,2,0.0,0.0,0.0,0.0,0
Carla Taramasco,Carla Taramasco,2,4,0.0,0.0,1.0,0.1686993873264257,0
Laurent-Walter Goix,Laurent-Walter Goix,1,1,0.0,0.0,0.0,0.0,0
William G. J. Halfond,William G. J. Halfond,1,1,0.0,0.0,0.0,0.0,0
Adyansh Kakran,Adyansh Kakran,1,1,0.0,0.0,0.0,0.0,0
Samuel Santos,Samuel Santos,1,1,0.0,0.0,0.0,0.0,0
Rafael do Nascimento Ribeiro,Rafael do Nascimento Ribeiro,1,1,0.0,0.0,0.0,0.0,0
Diego de Lima Nascimento,Diego de Lima Nascimento,2,2,0.0,0.0,1.0,0.08818894733156663,9
Shinichi Honiden,Shinichi Honiden,1,1,0.0,0.0,0.0,0.0,0
Nacha Chondamrongkul,Nacha Chondamrongkul,3,8,0.0,0.0,1.0,0.11725144205870804,11
Jie M. Zhang,Jie M. Zhang,1,1,0.0,0.0,0.0,0.0,0
Eric Knauss,Eric Knauss,1,4,0.0,0.0,0.0,0.0,0
Shrikara Arun,Shrikara Arun,1,2,0.0,0.0,0.0,0.0,0
Mariana Silva,Mariana Silva,2,2,0.0,0.0,1.0,0.12719047139481465,0
Leonardo A. F. Leite,Leonardo A. F. Leite,1,3,0.0,0.0,0.0,0.0,0
Tadinada Vankata Prabhakar,Tadinada Vankata Prabhakar,1,1,0.0,0.0,0.0,0.0,17
Yanzhou Li,Yanzhou Li,1,1,0.0,0.0,0.0,0.0,0
Joshua Garcia,Joshua Garcia,6,21,0.00724652080299453,0.0,1.0,0.14864202108890603,0
Chethana Dinakar,Chethana Dinakar,1,1,0.0,0.0,0.0,0.0,1
Luis Salinas,Luis Salinas,1,1,0.0,0.0,0.0,0.0,0
Leonardo da Silva Sousa,Leonardo da Silva Sousa,1,4,0.0,0.0,0.0,0.0,0
Yihao Huang 0001,Yihao Huang 0001,1,2,0.0,0.0,0.0,0.0,0
Leon Yee,Leon Yee,1,1,0.0,0.0,0.0,0.0,0
Armin Moebius,Armin Moebius,1,1,0.0,0.0,0.0,0.0,0
Rodrigo Rebouças de Almeida,Rodrigo Rebouças de Almeida,1,1,0.0,0.0,0.0,0.0,0
Joanna F. DeFranco,Joanna F. DeFranco,2,4,0.0,0.0,1.0,0.18344040271636813,0
Torsten Lenhart,Torsten Lenhart,1,1,0.0,0.0,0.0,0.0,8
Viktoria Koscinski,Viktoria Koscinski,1,2,0.0,0.0,0.0,0.0,0
Kevin Moran,Kevin Moran,1,1,0.0,0.0,0.0,0.0,0
Cheng Wen 0002,Cheng Wen 0002,1,2,0.0,0.0,0.0,0.0,0
Jason Lefever,Jason Lefever,1,5,0.0,0.0,0.0,0.0,0
Mateusz Ujma,Mateusz Ujma,1,1,0.0,0.0,0.0,0.0,0
Björn W. Schuller,Björn W. Schuller,1,1,0.0,0.0,0.0,0.0,0
Satyaki Das,Satyaki Das,2,3,0.0,0.0,1.0,0.08818894733156663,0
Ivan Machado 0001,Ivan Machado 0001,1,1,0.0,0.0,0.0,0.0,0
Mai Abusair,Mai Abusair,1,5,0.0,0.0,0.0,0.0,0
Andreas B. Hempel,Andreas B. Hempel,1,1,0.0,0.0,0.0,0.0,0
Thorsten Berger,Thorsten Berger,2,5,0.0,0.0,1.0,0.08818894733156663,0
Raul Sidnei Wazlawick,Raul Sidnei Wazlawick,1,1,0.0,0.0,0.0,0.0,18
Jeffrey Wong,Jeffrey Wong,1,1,0.0,0.0,0.0,0.0,0
Marco Konersmann,Marco Konersmann,1,2,0.0,0.0,0.0,0.0,0
Lorenz Schreyer,Lorenz Schreyer,1,1,0.0,0.0,0.0,0.0,0
Rafael Maiani de Mello,Rafael Maiani de Mello,1,8,0.0,0.0,0.0,0.0,0
Andrew Cain,Andrew Cain,1,1,0.0,0.0,0.0,0.0,0
Samodha Pallewatta,Samodha Pallewatta,1,1,0.0,0.0,0.0,0.0,0
Sébastien Gérard,Sébastien Gérard,1,1,0.0,0.0,0.0,0.0,0
Weiwei Zhang,Weiwei Zhang,1,1,0.0,0.0,0.0,0.0,0
João Lucas Correia,João Lucas Correia,1,1,0.0,0.0,0.0,0.0,0
Davi Monteiro Barbosa,Davi Monteiro Barbosa,2,3,0.0,0.0,1.0,0.06999561388304851,0
Kátia Romero Felizardo,Kátia Romero Felizardo,1,1,0.0,0.0,0.0,0.0,0
Ana Allian,Ana Allian,2,3,0.0,0.0,1.0,0.14559674412271648,0
Shubhashis Sengupta,Shubhashis Sengupta,1,2,0.0,0.0,0.0,0.0,1
Sonya Voneva,Sonya Voneva,3,3,0.0,0.0,1.0,0.07606005836588788,0
Leonardo Murta 0001,Leonardo Murta 0001,1,1,0.0,0.0,0.0,0.0,0
Eric Sax,Eric Sax,2,4,0.0,0.0,1.0,0.12719047139481465,0
Thomas Zimmermann 0001,Thomas Zimmermann 0001,1,1,0.0,0.0,0.0,0.0,0
Thorsten Müller 0003,Thorsten Müller 0003,2,2,0.0,0.0,1.0,0.13389679245417946,0
Kathrin Leonie Schmidt,Kathrin Leonie Schmidt,1,1,0.0,0.0,0.0,0.0,0
Arash Khabbaz Saberi,Arash Khabbaz Saberi,5,5,0.0,0.0,1.0,0.07181494722790033,0
Azat Aralbay Uulu,Azat Aralbay Uulu,1,1,0.0,0.0,0.0,0.0,0
Javier Miranda,Javier Miranda,1,1,0.0,0.0,0.0,0.0,0
Maria Andréia Formico Rodrigues,Maria Andréia Formico Rodrigues,1,1,0.0,0.0,0.0,0.0,0
Xiaozhou Li 0002,Xiaozhou Li 0002,1,5,0.0,0.0,0.0,0.0,0
Shaukat Ali 0001,Shaukat Ali 0001,1,1,0.0,0.0,0.0,0.0,0
Jairo Veloz Vidal,Jairo Veloz Vidal,3,3,0.0,0.0,1.0,0.07068741838578037,0
